INFO:     Started server process [6520]
INFO:     Waiting for application startup.
2026-03-25 14:15:20,823 - __main__ - INFO - AIO CRM Backend starting up
2026-03-25 14:15:20,823 - __main__ - INFO - Environment: development
2026-03-25 14:15:20,823 - __main__ - INFO - Provider: {'provider': 'sqlite', 'status': 'ready', 'db_path': 'D:\\AIOCRM\\backend\\data\\aio_crm.db'}
INFO:     Application startup complete.
INFO:     Uvicorn running on http://0.0.0.0:8001 (Press CTRL+C to quit)
INFO:     127.0.0.1:60900 - "POST /api/cortex/generate-report HTTP/1.1" 401 Unauthorized
INFO:     127.0.0.1:57051 - "OPTIONS /api/auth/session HTTP/1.1" 200 OK
INFO:     127.0.0.1:65293 - "OPTIONS /api/auth/session HTTP/1.1" 200 OK
INFO:     127.0.0.1:57051 - "GET /api/auth/session HTTP/1.1" 200 OK
INFO:     127.0.0.1:65293 - "GET /api/auth/session HTTP/1.1" 200 OK
INFO:     127.0.0.1:65293 - "OPTIONS /api/ai/agents HTTP/1.1" 200 OK
INFO:     127.0.0.1:57051 - "OPTIONS /api/ai/runs?limit=12 HTTP/1.1" 200 OK
INFO:     127.0.0.1:56800 - "OPTIONS /api/ai/agents HTTP/1.1" 200 OK
INFO:     127.0.0.1:65293 - "OPTIONS /api/ai/runs?limit=12 HTTP/1.1" 200 OK
2026-03-25 14:16:49,654 - __main__ - ERROR - Unhandled exception: name 'sqlite3' is not defined
  + Exception Group Traceback (most recent call last):
  |   File "C:\Users\besta\AppData\Local\Programs\Python\Python313\Lib\site-packages\starlette\_utils.py", line 87, in collapse_excgroups
  |     yield
  |   File "C:\Users\besta\AppData\Local\Programs\Python\Python313\Lib\site-packages\starlette\middleware\base.py", line 190, in __call__
  |     async with anyio.create_task_group() as task_group:
  |                ~~~~~~~~~~~~~~~~~~~~~~~^^
  |   File "C:\Users\besta\AppData\Local\Programs\Python\Python313\Lib\site-packages\anyio\_backends\_asyncio.py", line 783, in __aexit__
  |     raise BaseExceptionGroup(
  |         "unhandled errors in a TaskGroup", self._exceptions
  |     ) from None
  | ExceptionGroup: unhandled errors in a TaskGroup (1 sub-exception)
  +-+---------------- 1 ----------------
    | Traceback (most recent call last):
    |   File "C:\Users\besta\AppData\Local\Programs\Python\Python313\Lib\site-packages\starlette\middleware\errors.py", line 164, in __call__
    |     await self.app(scope, receive, _send)
    |   File "C:\Users\besta\AppData\Local\Programs\Python\Python313\Lib\site-packages\starlette\middleware\cors.py", line 93, in __call__
    |     await self.simple_response(scope, receive, send, request_headers=headers)
    |   File "C:\Users\besta\AppData\Local\Programs\Python\Python313\Lib\site-packages\starlette\middleware\cors.py", line 148, in simple_response
    |     await self.app(scope, receive, send)
    |   File "C:\Users\besta\AppData\Local\Programs\Python\Python313\Lib\site-packages\starlette\middleware\base.py", line 189, in __call__
    |     with collapse_excgroups():
    |          ~~~~~~~~~~~~~~~~~~^^
    |   File "C:\Users\besta\AppData\Local\Programs\Python\Python313\Lib\contextlib.py", line 162, in __exit__
    |     self.gen.throw(value)
    |     ~~~~~~~~~~~~~~^^^^^^^
    |   File "C:\Users\besta\AppData\Local\Programs\Python\Python313\Lib\site-packages\starlette\_utils.py", line 93, in collapse_excgroups
    |     raise exc
    |   File "C:\Users\besta\AppData\Local\Programs\Python\Python313\Lib\site-packages\starlette\middleware\base.py", line 191, in __call__
    |     response = await self.dispatch_func(request, call_next)
    |                ^^^^^^^^^^^^^^^^^^^^^^^^^^^^^^^^^^^^^^^^^^^^
    |   File "D:\AIOCRM\backend\server.py", line 1359, in inject_tenant_context
    |     return await call_next(request)
    |            ^^^^^^^^^^^^^^^^^^^^^^^^
    |   File "C:\Users\besta\AppData\Local\Programs\Python\Python313\Lib\site-packages\starlette\middleware\base.py", line 165, in call_next
    |     raise app_exc
    |   File "C:\Users\besta\AppData\Local\Programs\Python\Python313\Lib\site-packages\starlette\middleware\base.py", line 151, in coro
    |     await self.app(scope, receive_or_disconnect, send_no_error)
    |   File "C:\Users\besta\AppData\Local\Programs\Python\Python313\Lib\site-packages\starlette\middleware\exceptions.py", line 65, in __call__
    |     await wrap_app_handling_exceptions(self.app, conn)(scope, receive, send)
    |   File "C:\Users\besta\AppData\Local\Programs\Python\Python313\Lib\site-packages\starlette\_exception_handler.py", line 64, in wrapped_app
    |     raise exc
    |   File "C:\Users\besta\AppData\Local\Programs\Python\Python313\Lib\site-packages\starlette\_exception_handler.py", line 53, in wrapped_app
    |     await app(scope, receive, sender)
    |   File "C:\Users\besta\AppData\Local\Programs\Python\Python313\Lib\site-packages\starlette\routing.py", line 756, in __call__
    |     await self.middleware_stack(scope, receive, send)
    |   File "C:\Users\besta\AppData\Local\Programs\Python\Python313\Lib\site-packages\starlette\routing.py", line 776, in app
    |     await route.handle(scope, receive, send)
    |   File "C:\Users\besta\AppData\Local\Programs\Python\Python313\Lib\site-packages\starlette\routing.py", line 297, in handle
    |     await self.app(scope, receive, send)
    |   File "C:\Users\besta\AppData\Local\Programs\Python\Python313\Lib\site-packages\starlette\routing.py", line 77, in app
    |     await wrap_app_handling_exceptions(app, request)(scope, receive, send)
    |   File "C:\Users\besta\AppData\Local\Programs\Python\Python313\Lib\site-packages\starlette\_exception_handler.py", line 64, in wrapped_app
    |     raise exc
    |   File "C:\Users\besta\AppData\Local\Programs\Python\Python313\Lib\site-packages\starlette\_exception_handler.py", line 53, in wrapped_app
    |     await app(scope, receive, sender)
    |   File "C:\Users\besta\AppData\Local\Programs\Python\Python313\Lib\site-packages\starlette\routing.py", line 72, in app
    |     response = await func(request)
    |                ^^^^^^^^^^^^^^^^^^^
    |   File "C:\Users\besta\AppData\Local\Programs\Python\Python313\Lib\site-packages\fastapi\routing.py", line 278, in app
    |     raw_response = await run_endpoint_function(
    |                    ^^^^^^^^^^^^^^^^^^^^^^^^^^^^
    |         dependant=dependant, values=values, is_coroutine=is_coroutine
    |         ^^^^^^^^^^^^^^^^^^^^^^^^^^^^^^^^^^^^^^^^^^^^^^^^^^^^^^^^^^^^^
    |     )
    |     ^
    |   File "C:\Users\besta\AppData\Local\Programs\Python\Python313\Lib\site-packages\fastapi\routing.py", line 191, in run_endpoint_function
    |     return await dependant.call(**values)
    |            ^^^^^^^^^^^^^^^^^^^^^^^^^^^^^^
    |   File "D:\AIOCRM\backend\server.py", line 1938, in list_ai_agents
    |     return {"data": list_runtime_agents(include_hidden=resolved_include_hidden)}
    |                     ~~~~~~~~~~~~~~~~~~~^^^^^^^^^^^^^^^^^^^^^^^^^^^^^^^^^^^^^^^^
    |   File "D:\AIOCRM\backend\server.py", line 583, in list_runtime_agents
    |     conn = sqlite3.connect(provider.db_path)
    |            ^^^^^^^
    | NameError: name 'sqlite3' is not defined. Did you forget to import 'sqlite3'?
    +------------------------------------

During handling of the above exception, another exception occurred:

Traceback (most recent call last):
  File "C:\Users\besta\AppData\Local\Programs\Python\Python313\Lib\site-packages\starlette\middleware\errors.py", line 164, in __call__
    await self.app(scope, receive, _send)
  File "C:\Users\besta\AppData\Local\Programs\Python\Python313\Lib\site-packages\starlette\middleware\cors.py", line 93, in __call__
    await self.simple_response(scope, receive, send, request_headers=headers)
  File "C:\Users\besta\AppData\Local\Programs\Python\Python313\Lib\site-packages\starlette\middleware\cors.py", line 148, in simple_response
    await self.app(scope, receive, send)
  File "C:\Users\besta\AppData\Local\Programs\Python\Python313\Lib\site-packages\starlette\middleware\base.py", line 189, in __call__
    with collapse_excgroups():
         ~~~~~~~~~~~~~~~~~~^^
  File "C:\Users\besta\AppData\Local\Programs\Python\Python313\Lib\contextlib.py", line 162, in __exit__
    self.gen.throw(value)
    ~~~~~~~~~~~~~~^^^^^^^
  File "C:\Users\besta\AppData\Local\Programs\Python\Python313\Lib\site-packages\starlette\_utils.py", line 93, in collapse_excgroups
    raise exc
  File "C:\Users\besta\AppData\Local\Programs\Python\Python313\Lib\site-packages\starlette\middleware\base.py", line 191, in __call__
    response = await self.dispatch_func(request, call_next)
               ^^^^^^^^^^^^^^^^^^^^^^^^^^^^^^^^^^^^^^^^^^^^
  File "D:\AIOCRM\backend\server.py", line 1359, in inject_tenant_context
    return await call_next(request)
           ^^^^^^^^^^^^^^^^^^^^^^^^
  File "C:\Users\besta\AppData\Local\Programs\Python\Python313\Lib\site-packages\starlette\middleware\base.py", line 165, in call_next
    raise app_exc
  File "C:\Users\besta\AppData\Local\Programs\Python\Python313\Lib\site-packages\starlette\middleware\base.py", line 151, in coro
    await self.app(scope, receive_or_disconnect, send_no_error)
  File "C:\Users\besta\AppData\Local\Programs\Python\Python313\Lib\site-packages\starlette\middleware\exceptions.py", line 65, in __call__
    await wrap_app_handling_exceptions(self.app, conn)(scope, receive, send)
  File "C:\Users\besta\AppData\Local\Programs\Python\Python313\Lib\site-packages\starlette\_exception_handler.py", line 64, in wrapped_app
    raise exc
  File "C:\Users\besta\AppData\Local\Programs\Python\Python313\Lib\site-packages\starlette\_exception_handler.py", line 53, in wrapped_app
    await app(scope, receive, sender)
  File "C:\Users\besta\AppData\Local\Programs\Python\Python313\Lib\site-packages\starlette\routing.py", line 756, in __call__
    await self.middleware_stack(scope, receive, send)
  File "C:\Users\besta\AppData\Local\Programs\Python\Python313\Lib\site-packages\starlette\routing.py", line 776, in app
    await route.handle(scope, receive, send)
  File "C:\Users\besta\AppData\Local\Programs\Python\Python313\Lib\site-packages\starlette\routing.py", line 297, in handle
    await self.app(scope, receive, send)
  File "C:\Users\besta\AppData\Local\Programs\Python\Python313\Lib\site-packages\starlette\routing.py", line 77, in app
    await wrap_app_handling_exceptions(app, request)(scope, receive, send)
  File "C:\Users\besta\AppData\Local\Programs\Python\Python313\Lib\site-packages\starlette\_exception_handler.py", line 64, in wrapped_app
    raise exc
  File "C:\Users\besta\AppData\Local\Programs\Python\Python313\Lib\site-packages\starlette\_exception_handler.py", line 53, in wrapped_app
    await app(scope, receive, sender)
  File "C:\Users\besta\AppData\Local\Programs\Python\Python313\Lib\site-packages\starlette\routing.py", line 72, in app
    response = await func(request)
               ^^^^^^^^^^^^^^^^^^^
  File "C:\Users\besta\AppData\Local\Programs\Python\Python313\Lib\site-packages\fastapi\routing.py", line 278, in app
    raw_response = await run_endpoint_function(
                   ^^^^^^^^^^^^^^^^^^^^^^^^^^^^
        dependant=dependant, values=values, is_coroutine=is_coroutine
        ^^^^^^^^^^^^^^^^^^^^^^^^^^^^^^^^^^^^^^^^^^^^^^^^^^^^^^^^^^^^^
    )
    ^
  File "C:\Users\besta\AppData\Local\Programs\Python\Python313\Lib\site-packages\fastapi\routing.py", line 191, in run_endpoint_function
    return await dependant.call(**values)
           ^^^^^^^^^^^^^^^^^^^^^^^^^^^^^^
  File "D:\AIOCRM\backend\server.py", line 1938, in list_ai_agents
    return {"data": list_runtime_agents(include_hidden=resolved_include_hidden)}
                    ~~~~~~~~~~~~~~~~~~~^^^^^^^^^^^^^^^^^^^^^^^^^^^^^^^^^^^^^^^^
  File "D:\AIOCRM\backend\server.py", line 583, in list_runtime_agents
    conn = sqlite3.connect(provider.db_path)
           ^^^^^^^
NameError: name 'sqlite3' is not defined. Did you forget to import 'sqlite3'?
INFO:     127.0.0.1:57051 - "GET /api/ai/agents HTTP/1.1" 500 Internal Server Error
ERROR:    Exception in ASGI application
  + Exception Group Traceback (most recent call last):
  |   File "C:\Users\besta\AppData\Local\Programs\Python\Python313\Lib\site-packages\starlette\_utils.py", line 87, in collapse_excgroups
  |     yield
  |   File "C:\Users\besta\AppData\Local\Programs\Python\Python313\Lib\site-packages\starlette\middleware\base.py", line 190, in __call__
  |     async with anyio.create_task_group() as task_group:
  |                ~~~~~~~~~~~~~~~~~~~~~~~^^
  |   File "C:\Users\besta\AppData\Local\Programs\Python\Python313\Lib\site-packages\anyio\_backends\_asyncio.py", line 783, in __aexit__
  |     raise BaseExceptionGroup(
  |         "unhandled errors in a TaskGroup", self._exceptions
  |     ) from None
  | ExceptionGroup: unhandled errors in a TaskGroup (1 sub-exception)
  +-+---------------- 1 ----------------
    | Traceback (most recent call last):
    |   File "C:\Users\besta\AppData\Local\Programs\Python\Python313\Lib\site-packages\uvicorn\protocols\http\h11_impl.py", line 408, in run_asgi
    |     result = await app(  # type: ignore[func-returns-value]
    |              ^^^^^^^^^^^^^^^^^^^^^^^^^^^^^^^^^^^^^^^^^^^^^^
    |         self.scope, self.receive, self.send
    |         ^^^^^^^^^^^^^^^^^^^^^^^^^^^^^^^^^^^
    |     )
    |     ^
    |   File "C:\Users\besta\AppData\Local\Programs\Python\Python313\Lib\site-packages\uvicorn\middleware\proxy_headers.py", line 84, in __call__
    |     return await self.app(scope, receive, send)
    |            ^^^^^^^^^^^^^^^^^^^^^^^^^^^^^^^^^^^^
    |   File "C:\Users\besta\AppData\Local\Programs\Python\Python313\Lib\site-packages\fastapi\applications.py", line 1054, in __call__
    |     await super().__call__(scope, receive, send)
    |   File "C:\Users\besta\AppData\Local\Programs\Python\Python313\Lib\site-packages\starlette\applications.py", line 123, in __call__
    |     await self.middleware_stack(scope, receive, send)
    |   File "C:\Users\besta\AppData\Local\Programs\Python\Python313\Lib\site-packages\starlette\middleware\errors.py", line 186, in __call__
    |     raise exc
    |   File "C:\Users\besta\AppData\Local\Programs\Python\Python313\Lib\site-packages\starlette\middleware\errors.py", line 164, in __call__
    |     await self.app(scope, receive, _send)
    |   File "C:\Users\besta\AppData\Local\Programs\Python\Python313\Lib\site-packages\starlette\middleware\cors.py", line 93, in __call__
    |     await self.simple_response(scope, receive, send, request_headers=headers)
    |   File "C:\Users\besta\AppData\Local\Programs\Python\Python313\Lib\site-packages\starlette\middleware\cors.py", line 148, in simple_response
    |     await self.app(scope, receive, send)
    |   File "C:\Users\besta\AppData\Local\Programs\Python\Python313\Lib\site-packages\starlette\middleware\base.py", line 189, in __call__
    |     with collapse_excgroups():
    |          ~~~~~~~~~~~~~~~~~~^^
    |   File "C:\Users\besta\AppData\Local\Programs\Python\Python313\Lib\contextlib.py", line 162, in __exit__
    |     self.gen.throw(value)
    |     ~~~~~~~~~~~~~~^^^^^^^
    |   File "C:\Users\besta\AppData\Local\Programs\Python\Python313\Lib\site-packages\starlette\_utils.py", line 93, in collapse_excgroups
    |     raise exc
    |   File "C:\Users\besta\AppData\Local\Programs\Python\Python313\Lib\site-packages\starlette\middleware\base.py", line 191, in __call__
    |     response = await self.dispatch_func(request, call_next)
    |                ^^^^^^^^^^^^^^^^^^^^^^^^^^^^^^^^^^^^^^^^^^^^
    |   File "D:\AIOCRM\backend\server.py", line 1359, in inject_tenant_context
    |     return await call_next(request)
    |            ^^^^^^^^^^^^^^^^^^^^^^^^
    |   File "C:\Users\besta\AppData\Local\Programs\Python\Python313\Lib\site-packages\starlette\middleware\base.py", line 165, in call_next
    |     raise app_exc
    |   File "C:\Users\besta\AppData\Local\Programs\Python\Python313\Lib\site-packages\starlette\middleware\base.py", line 151, in coro
    |     await self.app(scope, receive_or_disconnect, send_no_error)
    |   File "C:\Users\besta\AppData\Local\Programs\Python\Python313\Lib\site-packages\starlette\middleware\exceptions.py", line 65, in __call__
    |     await wrap_app_handling_exceptions(self.app, conn)(scope, receive, send)
    |   File "C:\Users\besta\AppData\Local\Programs\Python\Python313\Lib\site-packages\starlette\_exception_handler.py", line 64, in wrapped_app
    |     raise exc
    |   File "C:\Users\besta\AppData\Local\Programs\Python\Python313\Lib\site-packages\starlette\_exception_handler.py", line 53, in wrapped_app
    |     await app(scope, receive, sender)
    |   File "C:\Users\besta\AppData\Local\Programs\Python\Python313\Lib\site-packages\starlette\routing.py", line 756, in __call__
    |     await self.middleware_stack(scope, receive, send)
    |   File "C:\Users\besta\AppData\Local\Programs\Python\Python313\Lib\site-packages\starlette\routing.py", line 776, in app
    |     await route.handle(scope, receive, send)
    |   File "C:\Users\besta\AppData\Local\Programs\Python\Python313\Lib\site-packages\starlette\routing.py", line 297, in handle
    |     await self.app(scope, receive, send)
    |   File "C:\Users\besta\AppData\Local\Programs\Python\Python313\Lib\site-packages\starlette\routing.py", line 77, in app
    |     await wrap_app_handling_exceptions(app, request)(scope, receive, send)
    |   File "C:\Users\besta\AppData\Local\Programs\Python\Python313\Lib\site-packages\starlette\_exception_handler.py", line 64, in wrapped_app
    |     raise exc
    |   File "C:\Users\besta\AppData\Local\Programs\Python\Python313\Lib\site-packages\starlette\_exception_handler.py", line 53, in wrapped_app
    |     await app(scope, receive, sender)
    |   File "C:\Users\besta\AppData\Local\Programs\Python\Python313\Lib\site-packages\starlette\routing.py", line 72, in app
    |     response = await func(request)
    |                ^^^^^^^^^^^^^^^^^^^
    |   File "C:\Users\besta\AppData\Local\Programs\Python\Python313\Lib\site-packages\fastapi\routing.py", line 278, in app
    |     raw_response = await run_endpoint_function(
    |                    ^^^^^^^^^^^^^^^^^^^^^^^^^^^^
    |         dependant=dependant, values=values, is_coroutine=is_coroutine
    |         ^^^^^^^^^^^^^^^^^^^^^^^^^^^^^^^^^^^^^^^^^^^^^^^^^^^^^^^^^^^^^
    |     )
    |     ^
    |   File "C:\Users\besta\AppData\Local\Programs\Python\Python313\Lib\site-packages\fastapi\routing.py", line 191, in run_endpoint_function
    |     return await dependant.call(**values)
    |            ^^^^^^^^^^^^^^^^^^^^^^^^^^^^^^
    |   File "D:\AIOCRM\backend\server.py", line 1938, in list_ai_agents
    |     return {"data": list_runtime_agents(include_hidden=resolved_include_hidden)}
    |                     ~~~~~~~~~~~~~~~~~~~^^^^^^^^^^^^^^^^^^^^^^^^^^^^^^^^^^^^^^^^
    |   File "D:\AIOCRM\backend\server.py", line 583, in list_runtime_agents
    |     conn = sqlite3.connect(provider.db_path)
    |            ^^^^^^^
    | NameError: name 'sqlite3' is not defined. Did you forget to import 'sqlite3'?
    +------------------------------------

During handling of the above exception, another exception occurred:

Traceback (most recent call last):
  File "C:\Users\besta\AppData\Local\Programs\Python\Python313\Lib\site-packages\uvicorn\protocols\http\h11_impl.py", line 408, in run_asgi
    result = await app(  # type: ignore[func-returns-value]
             ^^^^^^^^^^^^^^^^^^^^^^^^^^^^^^^^^^^^^^^^^^^^^^
        self.scope, self.receive, self.send
        ^^^^^^^^^^^^^^^^^^^^^^^^^^^^^^^^^^^
    )
    ^
  File "C:\Users\besta\AppData\Local\Programs\Python\Python313\Lib\site-packages\uvicorn\middleware\proxy_headers.py", line 84, in __call__
    return await self.app(scope, receive, send)
           ^^^^^^^^^^^^^^^^^^^^^^^^^^^^^^^^^^^^
  File "C:\Users\besta\AppData\Local\Programs\Python\Python313\Lib\site-packages\fastapi\applications.py", line 1054, in __call__
    await super().__call__(scope, receive, send)
  File "C:\Users\besta\AppData\Local\Programs\Python\Python313\Lib\site-packages\starlette\applications.py", line 123, in __call__
    await self.middleware_stack(scope, receive, send)
  File "C:\Users\besta\AppData\Local\Programs\Python\Python313\Lib\site-packages\starlette\middleware\errors.py", line 186, in __call__
    raise exc
  File "C:\Users\besta\AppData\Local\Programs\Python\Python313\Lib\site-packages\starlette\middleware\errors.py", line 164, in __call__
    await self.app(scope, receive, _send)
  File "C:\Users\besta\AppData\Local\Programs\Python\Python313\Lib\site-packages\starlette\middleware\cors.py", line 93, in __call__
    await self.simple_response(scope, receive, send, request_headers=headers)
  File "C:\Users\besta\AppData\Local\Programs\Python\Python313\Lib\site-packages\starlette\middleware\cors.py", line 148, in simple_response
    await self.app(scope, receive, send)
  File "C:\Users\besta\AppData\Local\Programs\Python\Python313\Lib\site-packages\starlette\middleware\base.py", line 189, in __call__
    with collapse_excgroups():
         ~~~~~~~~~~~~~~~~~~^^
  File "C:\Users\besta\AppData\Local\Programs\Python\Python313\Lib\contextlib.py", line 162, in __exit__
    self.gen.throw(value)
    ~~~~~~~~~~~~~~^^^^^^^
  File "C:\Users\besta\AppData\Local\Programs\Python\Python313\Lib\site-packages\starlette\_utils.py", line 93, in collapse_excgroups
    raise exc
  File "C:\Users\besta\AppData\Local\Programs\Python\Python313\Lib\site-packages\starlette\middleware\base.py", line 191, in __call__
    response = await self.dispatch_func(request, call_next)
               ^^^^^^^^^^^^^^^^^^^^^^^^^^^^^^^^^^^^^^^^^^^^
  File "D:\AIOCRM\backend\server.py", line 1359, in inject_tenant_context
    return await call_next(request)
           ^^^^^^^^^^^^^^^^^^^^^^^^
  File "C:\Users\besta\AppData\Local\Programs\Python\Python313\Lib\site-packages\starlette\middleware\base.py", line 165, in call_next
    raise app_exc
  File "C:\Users\besta\AppData\Local\Programs\Python\Python313\Lib\site-packages\starlette\middleware\base.py", line 151, in coro
    await self.app(scope, receive_or_disconnect, send_no_error)
  File "C:\Users\besta\AppData\Local\Programs\Python\Python313\Lib\site-packages\starlette\middleware\exceptions.py", line 65, in __call__
    await wrap_app_handling_exceptions(self.app, conn)(scope, receive, send)
  File "C:\Users\besta\AppData\Local\Programs\Python\Python313\Lib\site-packages\starlette\_exception_handler.py", line 64, in wrapped_app
    raise exc
  File "C:\Users\besta\AppData\Local\Programs\Python\Python313\Lib\site-packages\starlette\_exception_handler.py", line 53, in wrapped_app
    await app(scope, receive, sender)
  File "C:\Users\besta\AppData\Local\Programs\Python\Python313\Lib\site-packages\starlette\routing.py", line 756, in __call__
    await self.middleware_stack(scope, receive, send)
  File "C:\Users\besta\AppData\Local\Programs\Python\Python313\Lib\site-packages\starlette\routing.py", line 776, in app
    await route.handle(scope, receive, send)
  File "C:\Users\besta\AppData\Local\Programs\Python\Python313\Lib\site-packages\starlette\routing.py", line 297, in handle
    await self.app(scope, receive, send)
  File "C:\Users\besta\AppData\Local\Programs\Python\Python313\Lib\site-packages\starlette\routing.py", line 77, in app
    await wrap_app_handling_exceptions(app, request)(scope, receive, send)
  File "C:\Users\besta\AppData\Local\Programs\Python\Python313\Lib\site-packages\starlette\_exception_handler.py", line 64, in wrapped_app
    raise exc
  File "C:\Users\besta\AppData\Local\Programs\Python\Python313\Lib\site-packages\starlette\_exception_handler.py", line 53, in wrapped_app
    await app(scope, receive, sender)
  File "C:\Users\besta\AppData\Local\Programs\Python\Python313\Lib\site-packages\starlette\routing.py", line 72, in app
    response = await func(request)
               ^^^^^^^^^^^^^^^^^^^
  File "C:\Users\besta\AppData\Local\Programs\Python\Python313\Lib\site-packages\fastapi\routing.py", line 278, in app
    raw_response = await run_endpoint_function(
                   ^^^^^^^^^^^^^^^^^^^^^^^^^^^^
        dependant=dependant, values=values, is_coroutine=is_coroutine
        ^^^^^^^^^^^^^^^^^^^^^^^^^^^^^^^^^^^^^^^^^^^^^^^^^^^^^^^^^^^^^
    )
    ^
  File "C:\Users\besta\AppData\Local\Programs\Python\Python313\Lib\site-packages\fastapi\routing.py", line 191, in run_endpoint_function
    return await dependant.call(**values)
           ^^^^^^^^^^^^^^^^^^^^^^^^^^^^^^
  File "D:\AIOCRM\backend\server.py", line 1938, in list_ai_agents
    return {"data": list_runtime_agents(include_hidden=resolved_include_hidden)}
                    ~~~~~~~~~~~~~~~~~~~^^^^^^^^^^^^^^^^^^^^^^^^^^^^^^^^^^^^^^^^
  File "D:\AIOCRM\backend\server.py", line 583, in list_runtime_agents
    conn = sqlite3.connect(provider.db_path)
           ^^^^^^^
NameError: name 'sqlite3' is not defined. Did you forget to import 'sqlite3'?
INFO:     127.0.0.1:65293 - "GET /api/ai/runs?limit=12 HTTP/1.1" 200 OK
2026-03-25 14:16:49,879 - __main__ - ERROR - Unhandled exception: name 'sqlite3' is not defined
  + Exception Group Traceback (most recent call last):
  |   File "C:\Users\besta\AppData\Local\Programs\Python\Python313\Lib\site-packages\starlette\_utils.py", line 87, in collapse_excgroups
  |     yield
  |   File "C:\Users\besta\AppData\Local\Programs\Python\Python313\Lib\site-packages\starlette\middleware\base.py", line 190, in __call__
  |     async with anyio.create_task_group() as task_group:
  |                ~~~~~~~~~~~~~~~~~~~~~~~^^
  |   File "C:\Users\besta\AppData\Local\Programs\Python\Python313\Lib\site-packages\anyio\_backends\_asyncio.py", line 783, in __aexit__
  |     raise BaseExceptionGroup(
  |         "unhandled errors in a TaskGroup", self._exceptions
  |     ) from None
  | ExceptionGroup: unhandled errors in a TaskGroup (1 sub-exception)
  +-+---------------- 1 ----------------
    | Traceback (most recent call last):
    |   File "C:\Users\besta\AppData\Local\Programs\Python\Python313\Lib\site-packages\starlette\middleware\errors.py", line 164, in __call__
    |     await self.app(scope, receive, _send)
    |   File "C:\Users\besta\AppData\Local\Programs\Python\Python313\Lib\site-packages\starlette\middleware\cors.py", line 93, in __call__
    |     await self.simple_response(scope, receive, send, request_headers=headers)
    |   File "C:\Users\besta\AppData\Local\Programs\Python\Python313\Lib\site-packages\starlette\middleware\cors.py", line 148, in simple_response
    |     await self.app(scope, receive, send)
    |   File "C:\Users\besta\AppData\Local\Programs\Python\Python313\Lib\site-packages\starlette\middleware\base.py", line 189, in __call__
    |     with collapse_excgroups():
    |          ~~~~~~~~~~~~~~~~~~^^
    |   File "C:\Users\besta\AppData\Local\Programs\Python\Python313\Lib\contextlib.py", line 162, in __exit__
    |     self.gen.throw(value)
    |     ~~~~~~~~~~~~~~^^^^^^^
    |   File "C:\Users\besta\AppData\Local\Programs\Python\Python313\Lib\site-packages\starlette\_utils.py", line 93, in collapse_excgroups
    |     raise exc
    |   File "C:\Users\besta\AppData\Local\Programs\Python\Python313\Lib\site-packages\starlette\middleware\base.py", line 191, in __call__
    |     response = await self.dispatch_func(request, call_next)
    |                ^^^^^^^^^^^^^^^^^^^^^^^^^^^^^^^^^^^^^^^^^^^^
    |   File "D:\AIOCRM\backend\server.py", line 1359, in inject_tenant_context
    |     return await call_next(request)
    |            ^^^^^^^^^^^^^^^^^^^^^^^^
    |   File "C:\Users\besta\AppData\Local\Programs\Python\Python313\Lib\site-packages\starlette\middleware\base.py", line 165, in call_next
    |     raise app_exc
    |   File "C:\Users\besta\AppData\Local\Programs\Python\Python313\Lib\site-packages\starlette\middleware\base.py", line 151, in coro
    |     await self.app(scope, receive_or_disconnect, send_no_error)
    |   File "C:\Users\besta\AppData\Local\Programs\Python\Python313\Lib\site-packages\starlette\middleware\exceptions.py", line 65, in __call__
    |     await wrap_app_handling_exceptions(self.app, conn)(scope, receive, send)
    |   File "C:\Users\besta\AppData\Local\Programs\Python\Python313\Lib\site-packages\starlette\_exception_handler.py", line 64, in wrapped_app
    |     raise exc
    |   File "C:\Users\besta\AppData\Local\Programs\Python\Python313\Lib\site-packages\starlette\_exception_handler.py", line 53, in wrapped_app
    |     await app(scope, receive, sender)
    |   File "C:\Users\besta\AppData\Local\Programs\Python\Python313\Lib\site-packages\starlette\routing.py", line 756, in __call__
    |     await self.middleware_stack(scope, receive, send)
    |   File "C:\Users\besta\AppData\Local\Programs\Python\Python313\Lib\site-packages\starlette\routing.py", line 776, in app
    |     await route.handle(scope, receive, send)
    |   File "C:\Users\besta\AppData\Local\Programs\Python\Python313\Lib\site-packages\starlette\routing.py", line 297, in handle
    |     await self.app(scope, receive, send)
    |   File "C:\Users\besta\AppData\Local\Programs\Python\Python313\Lib\site-packages\starlette\routing.py", line 77, in app
    |     await wrap_app_handling_exceptions(app, request)(scope, receive, send)
    |   File "C:\Users\besta\AppData\Local\Programs\Python\Python313\Lib\site-packages\starlette\_exception_handler.py", line 64, in wrapped_app
    |     raise exc
    |   File "C:\Users\besta\AppData\Local\Programs\Python\Python313\Lib\site-packages\starlette\_exception_handler.py", line 53, in wrapped_app
    |     await app(scope, receive, sender)
    |   File "C:\Users\besta\AppData\Local\Programs\Python\Python313\Lib\site-packages\starlette\routing.py", line 72, in app
    |     response = await func(request)
    |                ^^^^^^^^^^^^^^^^^^^
    |   File "C:\Users\besta\AppData\Local\Programs\Python\Python313\Lib\site-packages\fastapi\routing.py", line 278, in app
    |     raw_response = await run_endpoint_function(
    |                    ^^^^^^^^^^^^^^^^^^^^^^^^^^^^
    |         dependant=dependant, values=values, is_coroutine=is_coroutine
    |         ^^^^^^^^^^^^^^^^^^^^^^^^^^^^^^^^^^^^^^^^^^^^^^^^^^^^^^^^^^^^^
    |     )
    |     ^
    |   File "C:\Users\besta\AppData\Local\Programs\Python\Python313\Lib\site-packages\fastapi\routing.py", line 191, in run_endpoint_function
    |     return await dependant.call(**values)
    |            ^^^^^^^^^^^^^^^^^^^^^^^^^^^^^^
    |   File "D:\AIOCRM\backend\server.py", line 1938, in list_ai_agents
    |     return {"data": list_runtime_agents(include_hidden=resolved_include_hidden)}
    |                     ~~~~~~~~~~~~~~~~~~~^^^^^^^^^^^^^^^^^^^^^^^^^^^^^^^^^^^^^^^^
    |   File "D:\AIOCRM\backend\server.py", line 583, in list_runtime_agents
    |     conn = sqlite3.connect(provider.db_path)
    |            ^^^^^^^
    | NameError: name 'sqlite3' is not defined. Did you forget to import 'sqlite3'?
    +------------------------------------

During handling of the above exception, another exception occurred:

Traceback (most recent call last):
  File "C:\Users\besta\AppData\Local\Programs\Python\Python313\Lib\site-packages\starlette\middleware\errors.py", line 164, in __call__
    await self.app(scope, receive, _send)
  File "C:\Users\besta\AppData\Local\Programs\Python\Python313\Lib\site-packages\starlette\middleware\cors.py", line 93, in __call__
    await self.simple_response(scope, receive, send, request_headers=headers)
  File "C:\Users\besta\AppData\Local\Programs\Python\Python313\Lib\site-packages\starlette\middleware\cors.py", line 148, in simple_response
    await self.app(scope, receive, send)
  File "C:\Users\besta\AppData\Local\Programs\Python\Python313\Lib\site-packages\starlette\middleware\base.py", line 189, in __call__
    with collapse_excgroups():
         ~~~~~~~~~~~~~~~~~~^^
  File "C:\Users\besta\AppData\Local\Programs\Python\Python313\Lib\contextlib.py", line 162, in __exit__
    self.gen.throw(value)
    ~~~~~~~~~~~~~~^^^^^^^
  File "C:\Users\besta\AppData\Local\Programs\Python\Python313\Lib\site-packages\starlette\_utils.py", line 93, in collapse_excgroups
    raise exc
  File "C:\Users\besta\AppData\Local\Programs\Python\Python313\Lib\site-packages\starlette\middleware\base.py", line 191, in __call__
    response = await self.dispatch_func(request, call_next)
               ^^^^^^^^^^^^^^^^^^^^^^^^^^^^^^^^^^^^^^^^^^^^
  File "D:\AIOCRM\backend\server.py", line 1359, in inject_tenant_context
    return await call_next(request)
           ^^^^^^^^^^^^^^^^^^^^^^^^
  File "C:\Users\besta\AppData\Local\Programs\Python\Python313\Lib\site-packages\starlette\middleware\base.py", line 165, in call_next
    raise app_exc
  File "C:\Users\besta\AppData\Local\Programs\Python\Python313\Lib\site-packages\starlette\middleware\base.py", line 151, in coro
    await self.app(scope, receive_or_disconnect, send_no_error)
  File "C:\Users\besta\AppData\Local\Programs\Python\Python313\Lib\site-packages\starlette\middleware\exceptions.py", line 65, in __call__
    await wrap_app_handling_exceptions(self.app, conn)(scope, receive, send)
  File "C:\Users\besta\AppData\Local\Programs\Python\Python313\Lib\site-packages\starlette\_exception_handler.py", line 64, in wrapped_app
    raise exc
  File "C:\Users\besta\AppData\Local\Programs\Python\Python313\Lib\site-packages\starlette\_exception_handler.py", line 53, in wrapped_app
    await app(scope, receive, sender)
  File "C:\Users\besta\AppData\Local\Programs\Python\Python313\Lib\site-packages\starlette\routing.py", line 756, in __call__
    await self.middleware_stack(scope, receive, send)
  File "C:\Users\besta\AppData\Local\Programs\Python\Python313\Lib\site-packages\starlette\routing.py", line 776, in app
    await route.handle(scope, receive, send)
  File "C:\Users\besta\AppData\Local\Programs\Python\Python313\Lib\site-packages\starlette\routing.py", line 297, in handle
    await self.app(scope, receive, send)
  File "C:\Users\besta\AppData\Local\Programs\Python\Python313\Lib\site-packages\starlette\routing.py", line 77, in app
    await wrap_app_handling_exceptions(app, request)(scope, receive, send)
  File "C:\Users\besta\AppData\Local\Programs\Python\Python313\Lib\site-packages\starlette\_exception_handler.py", line 64, in wrapped_app
    raise exc
  File "C:\Users\besta\AppData\Local\Programs\Python\Python313\Lib\site-packages\starlette\_exception_handler.py", line 53, in wrapped_app
    await app(scope, receive, sender)
  File "C:\Users\besta\AppData\Local\Programs\Python\Python313\Lib\site-packages\starlette\routing.py", line 72, in app
    response = await func(request)
               ^^^^^^^^^^^^^^^^^^^
  File "C:\Users\besta\AppData\Local\Programs\Python\Python313\Lib\site-packages\fastapi\routing.py", line 278, in app
    raw_response = await run_endpoint_function(
                   ^^^^^^^^^^^^^^^^^^^^^^^^^^^^
        dependant=dependant, values=values, is_coroutine=is_coroutine
        ^^^^^^^^^^^^^^^^^^^^^^^^^^^^^^^^^^^^^^^^^^^^^^^^^^^^^^^^^^^^^
    )
    ^
  File "C:\Users\besta\AppData\Local\Programs\Python\Python313\Lib\site-packages\fastapi\routing.py", line 191, in run_endpoint_function
    return await dependant.call(**values)
           ^^^^^^^^^^^^^^^^^^^^^^^^^^^^^^
  File "D:\AIOCRM\backend\server.py", line 1938, in list_ai_agents
    return {"data": list_runtime_agents(include_hidden=resolved_include_hidden)}
                    ~~~~~~~~~~~~~~~~~~~^^^^^^^^^^^^^^^^^^^^^^^^^^^^^^^^^^^^^^^^
  File "D:\AIOCRM\backend\server.py", line 583, in list_runtime_agents
    conn = sqlite3.connect(provider.db_path)
           ^^^^^^^
NameError: name 'sqlite3' is not defined. Did you forget to import 'sqlite3'?
INFO:     127.0.0.1:56800 - "GET /api/ai/agents HTTP/1.1" 500 Internal Server Error
ERROR:    Exception in ASGI application
  + Exception Group Traceback (most recent call last):
  |   File "C:\Users\besta\AppData\Local\Programs\Python\Python313\Lib\site-packages\starlette\_utils.py", line 87, in collapse_excgroups
  |     yield
  |   File "C:\Users\besta\AppData\Local\Programs\Python\Python313\Lib\site-packages\starlette\middleware\base.py", line 190, in __call__
  |     async with anyio.create_task_group() as task_group:
  |                ~~~~~~~~~~~~~~~~~~~~~~~^^
  |   File "C:\Users\besta\AppData\Local\Programs\Python\Python313\Lib\site-packages\anyio\_backends\_asyncio.py", line 783, in __aexit__
  |     raise BaseExceptionGroup(
  |         "unhandled errors in a TaskGroup", self._exceptions
  |     ) from None
  | ExceptionGroup: unhandled errors in a TaskGroup (1 sub-exception)
  +-+---------------- 1 ----------------
    | Traceback (most recent call last):
    |   File "C:\Users\besta\AppData\Local\Programs\Python\Python313\Lib\site-packages\uvicorn\protocols\http\h11_impl.py", line 408, in run_asgi
    |     result = await app(  # type: ignore[func-returns-value]
    |              ^^^^^^^^^^^^^^^^^^^^^^^^^^^^^^^^^^^^^^^^^^^^^^
    |         self.scope, self.receive, self.send
    |         ^^^^^^^^^^^^^^^^^^^^^^^^^^^^^^^^^^^
    |     )
    |     ^
    |   File "C:\Users\besta\AppData\Local\Programs\Python\Python313\Lib\site-packages\uvicorn\middleware\proxy_headers.py", line 84, in __call__
    |     return await self.app(scope, receive, send)
    |            ^^^^^^^^^^^^^^^^^^^^^^^^^^^^^^^^^^^^
    |   File "C:\Users\besta\AppData\Local\Programs\Python\Python313\Lib\site-packages\fastapi\applications.py", line 1054, in __call__
    |     await super().__call__(scope, receive, send)
    |   File "C:\Users\besta\AppData\Local\Programs\Python\Python313\Lib\site-packages\starlette\applications.py", line 123, in __call__
    |     await self.middleware_stack(scope, receive, send)
    |   File "C:\Users\besta\AppData\Local\Programs\Python\Python313\Lib\site-packages\starlette\middleware\errors.py", line 186, in __call__
    |     raise exc
    |   File "C:\Users\besta\AppData\Local\Programs\Python\Python313\Lib\site-packages\starlette\middleware\errors.py", line 164, in __call__
    |     await self.app(scope, receive, _send)
    |   File "C:\Users\besta\AppData\Local\Programs\Python\Python313\Lib\site-packages\starlette\middleware\cors.py", line 93, in __call__
    |     await self.simple_response(scope, receive, send, request_headers=headers)
    |   File "C:\Users\besta\AppData\Local\Programs\Python\Python313\Lib\site-packages\starlette\middleware\cors.py", line 148, in simple_response
    |     await self.app(scope, receive, send)
    |   File "C:\Users\besta\AppData\Local\Programs\Python\Python313\Lib\site-packages\starlette\middleware\base.py", line 189, in __call__
    |     with collapse_excgroups():
    |          ~~~~~~~~~~~~~~~~~~^^
    |   File "C:\Users\besta\AppData\Local\Programs\Python\Python313\Lib\contextlib.py", line 162, in __exit__
    |     self.gen.throw(value)
    |     ~~~~~~~~~~~~~~^^^^^^^
    |   File "C:\Users\besta\AppData\Local\Programs\Python\Python313\Lib\site-packages\starlette\_utils.py", line 93, in collapse_excgroups
    |     raise exc
    |   File "C:\Users\besta\AppData\Local\Programs\Python\Python313\Lib\site-packages\starlette\middleware\base.py", line 191, in __call__
    |     response = await self.dispatch_func(request, call_next)
    |                ^^^^^^^^^^^^^^^^^^^^^^^^^^^^^^^^^^^^^^^^^^^^
    |   File "D:\AIOCRM\backend\server.py", line 1359, in inject_tenant_context
    |     return await call_next(request)
    |            ^^^^^^^^^^^^^^^^^^^^^^^^
    |   File "C:\Users\besta\AppData\Local\Programs\Python\Python313\Lib\site-packages\starlette\middleware\base.py", line 165, in call_next
    |     raise app_exc
    |   File "C:\Users\besta\AppData\Local\Programs\Python\Python313\Lib\site-packages\starlette\middleware\base.py", line 151, in coro
    |     await self.app(scope, receive_or_disconnect, send_no_error)
    |   File "C:\Users\besta\AppData\Local\Programs\Python\Python313\Lib\site-packages\starlette\middleware\exceptions.py", line 65, in __call__
    |     await wrap_app_handling_exceptions(self.app, conn)(scope, receive, send)
    |   File "C:\Users\besta\AppData\Local\Programs\Python\Python313\Lib\site-packages\starlette\_exception_handler.py", line 64, in wrapped_app
    |     raise exc
    |   File "C:\Users\besta\AppData\Local\Programs\Python\Python313\Lib\site-packages\starlette\_exception_handler.py", line 53, in wrapped_app
    |     await app(scope, receive, sender)
    |   File "C:\Users\besta\AppData\Local\Programs\Python\Python313\Lib\site-packages\starlette\routing.py", line 756, in __call__
    |     await self.middleware_stack(scope, receive, send)
    |   File "C:\Users\besta\AppData\Local\Programs\Python\Python313\Lib\site-packages\starlette\routing.py", line 776, in app
    |     await route.handle(scope, receive, send)
    |   File "C:\Users\besta\AppData\Local\Programs\Python\Python313\Lib\site-packages\starlette\routing.py", line 297, in handle
    |     await self.app(scope, receive, send)
    |   File "C:\Users\besta\AppData\Local\Programs\Python\Python313\Lib\site-packages\starlette\routing.py", line 77, in app
    |     await wrap_app_handling_exceptions(app, request)(scope, receive, send)
    |   File "C:\Users\besta\AppData\Local\Programs\Python\Python313\Lib\site-packages\starlette\_exception_handler.py", line 64, in wrapped_app
    |     raise exc
    |   File "C:\Users\besta\AppData\Local\Programs\Python\Python313\Lib\site-packages\starlette\_exception_handler.py", line 53, in wrapped_app
    |     await app(scope, receive, sender)
    |   File "C:\Users\besta\AppData\Local\Programs\Python\Python313\Lib\site-packages\starlette\routing.py", line 72, in app
    |     response = await func(request)
    |                ^^^^^^^^^^^^^^^^^^^
    |   File "C:\Users\besta\AppData\Local\Programs\Python\Python313\Lib\site-packages\fastapi\routing.py", line 278, in app
    |     raw_response = await run_endpoint_function(
    |                    ^^^^^^^^^^^^^^^^^^^^^^^^^^^^
    |         dependant=dependant, values=values, is_coroutine=is_coroutine
    |         ^^^^^^^^^^^^^^^^^^^^^^^^^^^^^^^^^^^^^^^^^^^^^^^^^^^^^^^^^^^^^
    |     )
    |     ^
    |   File "C:\Users\besta\AppData\Local\Programs\Python\Python313\Lib\site-packages\fastapi\routing.py", line 191, in run_endpoint_function
    |     return await dependant.call(**values)
    |            ^^^^^^^^^^^^^^^^^^^^^^^^^^^^^^
    |   File "D:\AIOCRM\backend\server.py", line 1938, in list_ai_agents
    |     return {"data": list_runtime_agents(include_hidden=resolved_include_hidden)}
    |                     ~~~~~~~~~~~~~~~~~~~^^^^^^^^^^^^^^^^^^^^^^^^^^^^^^^^^^^^^^^^
    |   File "D:\AIOCRM\backend\server.py", line 583, in list_runtime_agents
    |     conn = sqlite3.connect(provider.db_path)
    |            ^^^^^^^
    | NameError: name 'sqlite3' is not defined. Did you forget to import 'sqlite3'?
    +------------------------------------

During handling of the above exception, another exception occurred:

Traceback (most recent call last):
  File "C:\Users\besta\AppData\Local\Programs\Python\Python313\Lib\site-packages\uvicorn\protocols\http\h11_impl.py", line 408, in run_asgi
    result = await app(  # type: ignore[func-returns-value]
             ^^^^^^^^^^^^^^^^^^^^^^^^^^^^^^^^^^^^^^^^^^^^^^
        self.scope, self.receive, self.send
        ^^^^^^^^^^^^^^^^^^^^^^^^^^^^^^^^^^^
    )
    ^
  File "C:\Users\besta\AppData\Local\Programs\Python\Python313\Lib\site-packages\uvicorn\middleware\proxy_headers.py", line 84, in __call__
    return await self.app(scope, receive, send)
           ^^^^^^^^^^^^^^^^^^^^^^^^^^^^^^^^^^^^
  File "C:\Users\besta\AppData\Local\Programs\Python\Python313\Lib\site-packages\fastapi\applications.py", line 1054, in __call__
    await super().__call__(scope, receive, send)
  File "C:\Users\besta\AppData\Local\Programs\Python\Python313\Lib\site-packages\starlette\applications.py", line 123, in __call__
    await self.middleware_stack(scope, receive, send)
  File "C:\Users\besta\AppData\Local\Programs\Python\Python313\Lib\site-packages\starlette\middleware\errors.py", line 186, in __call__
    raise exc
  File "C:\Users\besta\AppData\Local\Programs\Python\Python313\Lib\site-packages\starlette\middleware\errors.py", line 164, in __call__
    await self.app(scope, receive, _send)
  File "C:\Users\besta\AppData\Local\Programs\Python\Python313\Lib\site-packages\starlette\middleware\cors.py", line 93, in __call__
    await self.simple_response(scope, receive, send, request_headers=headers)
  File "C:\Users\besta\AppData\Local\Programs\Python\Python313\Lib\site-packages\starlette\middleware\cors.py", line 148, in simple_response
    await self.app(scope, receive, send)
  File "C:\Users\besta\AppData\Local\Programs\Python\Python313\Lib\site-packages\starlette\middleware\base.py", line 189, in __call__
    with collapse_excgroups():
         ~~~~~~~~~~~~~~~~~~^^
  File "C:\Users\besta\AppData\Local\Programs\Python\Python313\Lib\contextlib.py", line 162, in __exit__
    self.gen.throw(value)
    ~~~~~~~~~~~~~~^^^^^^^
  File "C:\Users\besta\AppData\Local\Programs\Python\Python313\Lib\site-packages\starlette\_utils.py", line 93, in collapse_excgroups
    raise exc
  File "C:\Users\besta\AppData\Local\Programs\Python\Python313\Lib\site-packages\starlette\middleware\base.py", line 191, in __call__
    response = await self.dispatch_func(request, call_next)
               ^^^^^^^^^^^^^^^^^^^^^^^^^^^^^^^^^^^^^^^^^^^^
  File "D:\AIOCRM\backend\server.py", line 1359, in inject_tenant_context
    return await call_next(request)
           ^^^^^^^^^^^^^^^^^^^^^^^^
  File "C:\Users\besta\AppData\Local\Programs\Python\Python313\Lib\site-packages\starlette\middleware\base.py", line 165, in call_next
    raise app_exc
  File "C:\Users\besta\AppData\Local\Programs\Python\Python313\Lib\site-packages\starlette\middleware\base.py", line 151, in coro
    await self.app(scope, receive_or_disconnect, send_no_error)
  File "C:\Users\besta\AppData\Local\Programs\Python\Python313\Lib\site-packages\starlette\middleware\exceptions.py", line 65, in __call__
    await wrap_app_handling_exceptions(self.app, conn)(scope, receive, send)
  File "C:\Users\besta\AppData\Local\Programs\Python\Python313\Lib\site-packages\starlette\_exception_handler.py", line 64, in wrapped_app
    raise exc
  File "C:\Users\besta\AppData\Local\Programs\Python\Python313\Lib\site-packages\starlette\_exception_handler.py", line 53, in wrapped_app
    await app(scope, receive, sender)
  File "C:\Users\besta\AppData\Local\Programs\Python\Python313\Lib\site-packages\starlette\routing.py", line 756, in __call__
    await self.middleware_stack(scope, receive, send)
  File "C:\Users\besta\AppData\Local\Programs\Python\Python313\Lib\site-packages\starlette\routing.py", line 776, in app
    await route.handle(scope, receive, send)
  File "C:\Users\besta\AppData\Local\Programs\Python\Python313\Lib\site-packages\starlette\routing.py", line 297, in handle
    await self.app(scope, receive, send)
  File "C:\Users\besta\AppData\Local\Programs\Python\Python313\Lib\site-packages\starlette\routing.py", line 77, in app
    await wrap_app_handling_exceptions(app, request)(scope, receive, send)
  File "C:\Users\besta\AppData\Local\Programs\Python\Python313\Lib\site-packages\starlette\_exception_handler.py", line 64, in wrapped_app
    raise exc
  File "C:\Users\besta\AppData\Local\Programs\Python\Python313\Lib\site-packages\starlette\_exception_handler.py", line 53, in wrapped_app
    await app(scope, receive, sender)
  File "C:\Users\besta\AppData\Local\Programs\Python\Python313\Lib\site-packages\starlette\routing.py", line 72, in app
    response = await func(request)
               ^^^^^^^^^^^^^^^^^^^
  File "C:\Users\besta\AppData\Local\Programs\Python\Python313\Lib\site-packages\fastapi\routing.py", line 278, in app
    raw_response = await run_endpoint_function(
                   ^^^^^^^^^^^^^^^^^^^^^^^^^^^^
        dependant=dependant, values=values, is_coroutine=is_coroutine
        ^^^^^^^^^^^^^^^^^^^^^^^^^^^^^^^^^^^^^^^^^^^^^^^^^^^^^^^^^^^^^
    )
    ^
  File "C:\Users\besta\AppData\Local\Programs\Python\Python313\Lib\site-packages\fastapi\routing.py", line 191, in run_endpoint_function
    return await dependant.call(**values)
           ^^^^^^^^^^^^^^^^^^^^^^^^^^^^^^
  File "D:\AIOCRM\backend\server.py", line 1938, in list_ai_agents
    return {"data": list_runtime_agents(include_hidden=resolved_include_hidden)}
                    ~~~~~~~~~~~~~~~~~~~^^^^^^^^^^^^^^^^^^^^^^^^^^^^^^^^^^^^^^^^
  File "D:\AIOCRM\backend\server.py", line 583, in list_runtime_agents
    conn = sqlite3.connect(provider.db_path)
           ^^^^^^^
NameError: name 'sqlite3' is not defined. Did you forget to import 'sqlite3'?
INFO:     127.0.0.1:65293 - "GET /api/ai/runs?limit=12 HTTP/1.1" 200 OK
2026-03-25 14:16:49,913 - __main__ - ERROR - Unhandled exception: name 'sqlite3' is not defined
  + Exception Group Traceback (most recent call last):
  |   File "C:\Users\besta\AppData\Local\Programs\Python\Python313\Lib\site-packages\starlette\_utils.py", line 87, in collapse_excgroups
  |     yield
  |   File "C:\Users\besta\AppData\Local\Programs\Python\Python313\Lib\site-packages\starlette\middleware\base.py", line 190, in __call__
  |     async with anyio.create_task_group() as task_group:
  |                ~~~~~~~~~~~~~~~~~~~~~~~^^
  |   File "C:\Users\besta\AppData\Local\Programs\Python\Python313\Lib\site-packages\anyio\_backends\_asyncio.py", line 783, in __aexit__
  |     raise BaseExceptionGroup(
  |         "unhandled errors in a TaskGroup", self._exceptions
  |     ) from None
  | ExceptionGroup: unhandled errors in a TaskGroup (1 sub-exception)
  +-+---------------- 1 ----------------
    | Traceback (most recent call last):
    |   File "C:\Users\besta\AppData\Local\Programs\Python\Python313\Lib\site-packages\starlette\middleware\errors.py", line 164, in __call__
    |     await self.app(scope, receive, _send)
    |   File "C:\Users\besta\AppData\Local\Programs\Python\Python313\Lib\site-packages\starlette\middleware\cors.py", line 93, in __call__
    |     await self.simple_response(scope, receive, send, request_headers=headers)
    |   File "C:\Users\besta\AppData\Local\Programs\Python\Python313\Lib\site-packages\starlette\middleware\cors.py", line 148, in simple_response
    |     await self.app(scope, receive, send)
    |   File "C:\Users\besta\AppData\Local\Programs\Python\Python313\Lib\site-packages\starlette\middleware\base.py", line 189, in __call__
    |     with collapse_excgroups():
    |          ~~~~~~~~~~~~~~~~~~^^
    |   File "C:\Users\besta\AppData\Local\Programs\Python\Python313\Lib\contextlib.py", line 162, in __exit__
    |     self.gen.throw(value)
    |     ~~~~~~~~~~~~~~^^^^^^^
    |   File "C:\Users\besta\AppData\Local\Programs\Python\Python313\Lib\site-packages\starlette\_utils.py", line 93, in collapse_excgroups
    |     raise exc
    |   File "C:\Users\besta\AppData\Local\Programs\Python\Python313\Lib\site-packages\starlette\middleware\base.py", line 191, in __call__
    |     response = await self.dispatch_func(request, call_next)
    |                ^^^^^^^^^^^^^^^^^^^^^^^^^^^^^^^^^^^^^^^^^^^^
    |   File "D:\AIOCRM\backend\server.py", line 1359, in inject_tenant_context
    |     return await call_next(request)
    |            ^^^^^^^^^^^^^^^^^^^^^^^^
    |   File "C:\Users\besta\AppData\Local\Programs\Python\Python313\Lib\site-packages\starlette\middleware\base.py", line 165, in call_next
    |     raise app_exc
    |   File "C:\Users\besta\AppData\Local\Programs\Python\Python313\Lib\site-packages\starlette\middleware\base.py", line 151, in coro
    |     await self.app(scope, receive_or_disconnect, send_no_error)
    |   File "C:\Users\besta\AppData\Local\Programs\Python\Python313\Lib\site-packages\starlette\middleware\exceptions.py", line 65, in __call__
    |     await wrap_app_handling_exceptions(self.app, conn)(scope, receive, send)
    |   File "C:\Users\besta\AppData\Local\Programs\Python\Python313\Lib\site-packages\starlette\_exception_handler.py", line 64, in wrapped_app
    |     raise exc
    |   File "C:\Users\besta\AppData\Local\Programs\Python\Python313\Lib\site-packages\starlette\_exception_handler.py", line 53, in wrapped_app
    |     await app(scope, receive, sender)
    |   File "C:\Users\besta\AppData\Local\Programs\Python\Python313\Lib\site-packages\starlette\routing.py", line 756, in __call__
    |     await self.middleware_stack(scope, receive, send)
    |   File "C:\Users\besta\AppData\Local\Programs\Python\Python313\Lib\site-packages\starlette\routing.py", line 776, in app
    |     await route.handle(scope, receive, send)
    |   File "C:\Users\besta\AppData\Local\Programs\Python\Python313\Lib\site-packages\starlette\routing.py", line 297, in handle
    |     await self.app(scope, receive, send)
    |   File "C:\Users\besta\AppData\Local\Programs\Python\Python313\Lib\site-packages\starlette\routing.py", line 77, in app
    |     await wrap_app_handling_exceptions(app, request)(scope, receive, send)
    |   File "C:\Users\besta\AppData\Local\Programs\Python\Python313\Lib\site-packages\starlette\_exception_handler.py", line 64, in wrapped_app
    |     raise exc
    |   File "C:\Users\besta\AppData\Local\Programs\Python\Python313\Lib\site-packages\starlette\_exception_handler.py", line 53, in wrapped_app
    |     await app(scope, receive, sender)
    |   File "C:\Users\besta\AppData\Local\Programs\Python\Python313\Lib\site-packages\starlette\routing.py", line 72, in app
    |     response = await func(request)
    |                ^^^^^^^^^^^^^^^^^^^
    |   File "C:\Users\besta\AppData\Local\Programs\Python\Python313\Lib\site-packages\fastapi\routing.py", line 278, in app
    |     raw_response = await run_endpoint_function(
    |                    ^^^^^^^^^^^^^^^^^^^^^^^^^^^^
    |         dependant=dependant, values=values, is_coroutine=is_coroutine
    |         ^^^^^^^^^^^^^^^^^^^^^^^^^^^^^^^^^^^^^^^^^^^^^^^^^^^^^^^^^^^^^
    |     )
    |     ^
    |   File "C:\Users\besta\AppData\Local\Programs\Python\Python313\Lib\site-packages\fastapi\routing.py", line 191, in run_endpoint_function
    |     return await dependant.call(**values)
    |            ^^^^^^^^^^^^^^^^^^^^^^^^^^^^^^
    |   File "D:\AIOCRM\backend\server.py", line 1938, in list_ai_agents
    |     return {"data": list_runtime_agents(include_hidden=resolved_include_hidden)}
    |                     ~~~~~~~~~~~~~~~~~~~^^^^^^^^^^^^^^^^^^^^^^^^^^^^^^^^^^^^^^^^
    |   File "D:\AIOCRM\backend\server.py", line 583, in list_runtime_agents
    |     conn = sqlite3.connect(provider.db_path)
    |            ^^^^^^^
    | NameError: name 'sqlite3' is not defined. Did you forget to import 'sqlite3'?
    +------------------------------------

During handling of the above exception, another exception occurred:

Traceback (most recent call last):
  File "C:\Users\besta\AppData\Local\Programs\Python\Python313\Lib\site-packages\starlette\middleware\errors.py", line 164, in __call__
    await self.app(scope, receive, _send)
  File "C:\Users\besta\AppData\Local\Programs\Python\Python313\Lib\site-packages\starlette\middleware\cors.py", line 93, in __call__
    await self.simple_response(scope, receive, send, request_headers=headers)
  File "C:\Users\besta\AppData\Local\Programs\Python\Python313\Lib\site-packages\starlette\middleware\cors.py", line 148, in simple_response
    await self.app(scope, receive, send)
  File "C:\Users\besta\AppData\Local\Programs\Python\Python313\Lib\site-packages\starlette\middleware\base.py", line 189, in __call__
    with collapse_excgroups():
         ~~~~~~~~~~~~~~~~~~^^
  File "C:\Users\besta\AppData\Local\Programs\Python\Python313\Lib\contextlib.py", line 162, in __exit__
    self.gen.throw(value)
    ~~~~~~~~~~~~~~^^^^^^^
  File "C:\Users\besta\AppData\Local\Programs\Python\Python313\Lib\site-packages\starlette\_utils.py", line 93, in collapse_excgroups
    raise exc
  File "C:\Users\besta\AppData\Local\Programs\Python\Python313\Lib\site-packages\starlette\middleware\base.py", line 191, in __call__
    response = await self.dispatch_func(request, call_next)
               ^^^^^^^^^^^^^^^^^^^^^^^^^^^^^^^^^^^^^^^^^^^^
  File "D:\AIOCRM\backend\server.py", line 1359, in inject_tenant_context
    return await call_next(request)
           ^^^^^^^^^^^^^^^^^^^^^^^^
  File "C:\Users\besta\AppData\Local\Programs\Python\Python313\Lib\site-packages\starlette\middleware\base.py", line 165, in call_next
    raise app_exc
  File "C:\Users\besta\AppData\Local\Programs\Python\Python313\Lib\site-packages\starlette\middleware\base.py", line 151, in coro
    await self.app(scope, receive_or_disconnect, send_no_error)
  File "C:\Users\besta\AppData\Local\Programs\Python\Python313\Lib\site-packages\starlette\middleware\exceptions.py", line 65, in __call__
    await wrap_app_handling_exceptions(self.app, conn)(scope, receive, send)
  File "C:\Users\besta\AppData\Local\Programs\Python\Python313\Lib\site-packages\starlette\_exception_handler.py", line 64, in wrapped_app
    raise exc
  File "C:\Users\besta\AppData\Local\Programs\Python\Python313\Lib\site-packages\starlette\_exception_handler.py", line 53, in wrapped_app
    await app(scope, receive, sender)
  File "C:\Users\besta\AppData\Local\Programs\Python\Python313\Lib\site-packages\starlette\routing.py", line 756, in __call__
    await self.middleware_stack(scope, receive, send)
  File "C:\Users\besta\AppData\Local\Programs\Python\Python313\Lib\site-packages\starlette\routing.py", line 776, in app
    await route.handle(scope, receive, send)
  File "C:\Users\besta\AppData\Local\Programs\Python\Python313\Lib\site-packages\starlette\routing.py", line 297, in handle
    await self.app(scope, receive, send)
  File "C:\Users\besta\AppData\Local\Programs\Python\Python313\Lib\site-packages\starlette\routing.py", line 77, in app
    await wrap_app_handling_exceptions(app, request)(scope, receive, send)
  File "C:\Users\besta\AppData\Local\Programs\Python\Python313\Lib\site-packages\starlette\_exception_handler.py", line 64, in wrapped_app
    raise exc
  File "C:\Users\besta\AppData\Local\Programs\Python\Python313\Lib\site-packages\starlette\_exception_handler.py", line 53, in wrapped_app
    await app(scope, receive, sender)
  File "C:\Users\besta\AppData\Local\Programs\Python\Python313\Lib\site-packages\starlette\routing.py", line 72, in app
    response = await func(request)
               ^^^^^^^^^^^^^^^^^^^
  File "C:\Users\besta\AppData\Local\Programs\Python\Python313\Lib\site-packages\fastapi\routing.py", line 278, in app
    raw_response = await run_endpoint_function(
                   ^^^^^^^^^^^^^^^^^^^^^^^^^^^^
        dependant=dependant, values=values, is_coroutine=is_coroutine
        ^^^^^^^^^^^^^^^^^^^^^^^^^^^^^^^^^^^^^^^^^^^^^^^^^^^^^^^^^^^^^
    )
    ^
  File "C:\Users\besta\AppData\Local\Programs\Python\Python313\Lib\site-packages\fastapi\routing.py", line 191, in run_endpoint_function
    return await dependant.call(**values)
           ^^^^^^^^^^^^^^^^^^^^^^^^^^^^^^
  File "D:\AIOCRM\backend\server.py", line 1938, in list_ai_agents
    return {"data": list_runtime_agents(include_hidden=resolved_include_hidden)}
                    ~~~~~~~~~~~~~~~~~~~^^^^^^^^^^^^^^^^^^^^^^^^^^^^^^^^^^^^^^^^
  File "D:\AIOCRM\backend\server.py", line 583, in list_runtime_agents
    conn = sqlite3.connect(provider.db_path)
           ^^^^^^^
NameError: name 'sqlite3' is not defined. Did you forget to import 'sqlite3'?
INFO:     127.0.0.1:65293 - "GET /api/ai/agents HTTP/1.1" 500 Internal Server Error
ERROR:    Exception in ASGI application
  + Exception Group Traceback (most recent call last):
  |   File "C:\Users\besta\AppData\Local\Programs\Python\Python313\Lib\site-packages\starlette\_utils.py", line 87, in collapse_excgroups
  |     yield
  |   File "C:\Users\besta\AppData\Local\Programs\Python\Python313\Lib\site-packages\starlette\middleware\base.py", line 190, in __call__
  |     async with anyio.create_task_group() as task_group:
  |                ~~~~~~~~~~~~~~~~~~~~~~~^^
  |   File "C:\Users\besta\AppData\Local\Programs\Python\Python313\Lib\site-packages\anyio\_backends\_asyncio.py", line 783, in __aexit__
  |     raise BaseExceptionGroup(
  |         "unhandled errors in a TaskGroup", self._exceptions
  |     ) from None
  | ExceptionGroup: unhandled errors in a TaskGroup (1 sub-exception)
  +-+---------------- 1 ----------------
    | Traceback (most recent call last):
    |   File "C:\Users\besta\AppData\Local\Programs\Python\Python313\Lib\site-packages\uvicorn\protocols\http\h11_impl.py", line 408, in run_asgi
    |     result = await app(  # type: ignore[func-returns-value]
    |              ^^^^^^^^^^^^^^^^^^^^^^^^^^^^^^^^^^^^^^^^^^^^^^
    |         self.scope, self.receive, self.send
    |         ^^^^^^^^^^^^^^^^^^^^^^^^^^^^^^^^^^^
    |     )
    |     ^
    |   File "C:\Users\besta\AppData\Local\Programs\Python\Python313\Lib\site-packages\uvicorn\middleware\proxy_headers.py", line 84, in __call__
    |     return await self.app(scope, receive, send)
    |            ^^^^^^^^^^^^^^^^^^^^^^^^^^^^^^^^^^^^
    |   File "C:\Users\besta\AppData\Local\Programs\Python\Python313\Lib\site-packages\fastapi\applications.py", line 1054, in __call__
    |     await super().__call__(scope, receive, send)
    |   File "C:\Users\besta\AppData\Local\Programs\Python\Python313\Lib\site-packages\starlette\applications.py", line 123, in __call__
    |     await self.middleware_stack(scope, receive, send)
    |   File "C:\Users\besta\AppData\Local\Programs\Python\Python313\Lib\site-packages\starlette\middleware\errors.py", line 186, in __call__
    |     raise exc
    |   File "C:\Users\besta\AppData\Local\Programs\Python\Python313\Lib\site-packages\starlette\middleware\errors.py", line 164, in __call__
    |     await self.app(scope, receive, _send)
    |   File "C:\Users\besta\AppData\Local\Programs\Python\Python313\Lib\site-packages\starlette\middleware\cors.py", line 93, in __call__
    |     await self.simple_response(scope, receive, send, request_headers=headers)
    |   File "C:\Users\besta\AppData\Local\Programs\Python\Python313\Lib\site-packages\starlette\middleware\cors.py", line 148, in simple_response
    |     await self.app(scope, receive, send)
    |   File "C:\Users\besta\AppData\Local\Programs\Python\Python313\Lib\site-packages\starlette\middleware\base.py", line 189, in __call__
    |     with collapse_excgroups():
    |          ~~~~~~~~~~~~~~~~~~^^
    |   File "C:\Users\besta\AppData\Local\Programs\Python\Python313\Lib\contextlib.py", line 162, in __exit__
    |     self.gen.throw(value)
    |     ~~~~~~~~~~~~~~^^^^^^^
    |   File "C:\Users\besta\AppData\Local\Programs\Python\Python313\Lib\site-packages\starlette\_utils.py", line 93, in collapse_excgroups
    |     raise exc
    |   File "C:\Users\besta\AppData\Local\Programs\Python\Python313\Lib\site-packages\starlette\middleware\base.py", line 191, in __call__
    |     response = await self.dispatch_func(request, call_next)
    |                ^^^^^^^^^^^^^^^^^^^^^^^^^^^^^^^^^^^^^^^^^^^^
    |   File "D:\AIOCRM\backend\server.py", line 1359, in inject_tenant_context
    |     return await call_next(request)
    |            ^^^^^^^^^^^^^^^^^^^^^^^^
    |   File "C:\Users\besta\AppData\Local\Programs\Python\Python313\Lib\site-packages\starlette\middleware\base.py", line 165, in call_next
    |     raise app_exc
    |   File "C:\Users\besta\AppData\Local\Programs\Python\Python313\Lib\site-packages\starlette\middleware\base.py", line 151, in coro
    |     await self.app(scope, receive_or_disconnect, send_no_error)
    |   File "C:\Users\besta\AppData\Local\Programs\Python\Python313\Lib\site-packages\starlette\middleware\exceptions.py", line 65, in __call__
    |     await wrap_app_handling_exceptions(self.app, conn)(scope, receive, send)
    |   File "C:\Users\besta\AppData\Local\Programs\Python\Python313\Lib\site-packages\starlette\_exception_handler.py", line 64, in wrapped_app
    |     raise exc
    |   File "C:\Users\besta\AppData\Local\Programs\Python\Python313\Lib\site-packages\starlette\_exception_handler.py", line 53, in wrapped_app
    |     await app(scope, receive, sender)
    |   File "C:\Users\besta\AppData\Local\Programs\Python\Python313\Lib\site-packages\starlette\routing.py", line 756, in __call__
    |     await self.middleware_stack(scope, receive, send)
    |   File "C:\Users\besta\AppData\Local\Programs\Python\Python313\Lib\site-packages\starlette\routing.py", line 776, in app
    |     await route.handle(scope, receive, send)
    |   File "C:\Users\besta\AppData\Local\Programs\Python\Python313\Lib\site-packages\starlette\routing.py", line 297, in handle
    |     await self.app(scope, receive, send)
    |   File "C:\Users\besta\AppData\Local\Programs\Python\Python313\Lib\site-packages\starlette\routing.py", line 77, in app
    |     await wrap_app_handling_exceptions(app, request)(scope, receive, send)
    |   File "C:\Users\besta\AppData\Local\Programs\Python\Python313\Lib\site-packages\starlette\_exception_handler.py", line 64, in wrapped_app
    |     raise exc
    |   File "C:\Users\besta\AppData\Local\Programs\Python\Python313\Lib\site-packages\starlette\_exception_handler.py", line 53, in wrapped_app
    |     await app(scope, receive, sender)
    |   File "C:\Users\besta\AppData\Local\Programs\Python\Python313\Lib\site-packages\starlette\routing.py", line 72, in app
    |     response = await func(request)
    |                ^^^^^^^^^^^^^^^^^^^
    |   File "C:\Users\besta\AppData\Local\Programs\Python\Python313\Lib\site-packages\fastapi\routing.py", line 278, in app
    |     raw_response = await run_endpoint_function(
    |                    ^^^^^^^^^^^^^^^^^^^^^^^^^^^^
    |         dependant=dependant, values=values, is_coroutine=is_coroutine
    |         ^^^^^^^^^^^^^^^^^^^^^^^^^^^^^^^^^^^^^^^^^^^^^^^^^^^^^^^^^^^^^
    |     )
    |     ^
    |   File "C:\Users\besta\AppData\Local\Programs\Python\Python313\Lib\site-packages\fastapi\routing.py", line 191, in run_endpoint_function
    |     return await dependant.call(**values)
    |            ^^^^^^^^^^^^^^^^^^^^^^^^^^^^^^
    |   File "D:\AIOCRM\backend\server.py", line 1938, in list_ai_agents
    |     return {"data": list_runtime_agents(include_hidden=resolved_include_hidden)}
    |                     ~~~~~~~~~~~~~~~~~~~^^^^^^^^^^^^^^^^^^^^^^^^^^^^^^^^^^^^^^^^
    |   File "D:\AIOCRM\backend\server.py", line 583, in list_runtime_agents
    |     conn = sqlite3.connect(provider.db_path)
    |            ^^^^^^^
    | NameError: name 'sqlite3' is not defined. Did you forget to import 'sqlite3'?
    +------------------------------------

During handling of the above exception, another exception occurred:

Traceback (most recent call last):
  File "C:\Users\besta\AppData\Local\Programs\Python\Python313\Lib\site-packages\uvicorn\protocols\http\h11_impl.py", line 408, in run_asgi
    result = await app(  # type: ignore[func-returns-value]
             ^^^^^^^^^^^^^^^^^^^^^^^^^^^^^^^^^^^^^^^^^^^^^^
        self.scope, self.receive, self.send
        ^^^^^^^^^^^^^^^^^^^^^^^^^^^^^^^^^^^
    )
    ^
  File "C:\Users\besta\AppData\Local\Programs\Python\Python313\Lib\site-packages\uvicorn\middleware\proxy_headers.py", line 84, in __call__
    return await self.app(scope, receive, send)
           ^^^^^^^^^^^^^^^^^^^^^^^^^^^^^^^^^^^^
  File "C:\Users\besta\AppData\Local\Programs\Python\Python313\Lib\site-packages\fastapi\applications.py", line 1054, in __call__
    await super().__call__(scope, receive, send)
  File "C:\Users\besta\AppData\Local\Programs\Python\Python313\Lib\site-packages\starlette\applications.py", line 123, in __call__
    await self.middleware_stack(scope, receive, send)
  File "C:\Users\besta\AppData\Local\Programs\Python\Python313\Lib\site-packages\starlette\middleware\errors.py", line 186, in __call__
    raise exc
  File "C:\Users\besta\AppData\Local\Programs\Python\Python313\Lib\site-packages\starlette\middleware\errors.py", line 164, in __call__
    await self.app(scope, receive, _send)
  File "C:\Users\besta\AppData\Local\Programs\Python\Python313\Lib\site-packages\starlette\middleware\cors.py", line 93, in __call__
    await self.simple_response(scope, receive, send, request_headers=headers)
  File "C:\Users\besta\AppData\Local\Programs\Python\Python313\Lib\site-packages\starlette\middleware\cors.py", line 148, in simple_response
    await self.app(scope, receive, send)
  File "C:\Users\besta\AppData\Local\Programs\Python\Python313\Lib\site-packages\starlette\middleware\base.py", line 189, in __call__
    with collapse_excgroups():
         ~~~~~~~~~~~~~~~~~~^^
  File "C:\Users\besta\AppData\Local\Programs\Python\Python313\Lib\contextlib.py", line 162, in __exit__
    self.gen.throw(value)
    ~~~~~~~~~~~~~~^^^^^^^
  File "C:\Users\besta\AppData\Local\Programs\Python\Python313\Lib\site-packages\starlette\_utils.py", line 93, in collapse_excgroups
    raise exc
  File "C:\Users\besta\AppData\Local\Programs\Python\Python313\Lib\site-packages\starlette\middleware\base.py", line 191, in __call__
    response = await self.dispatch_func(request, call_next)
               ^^^^^^^^^^^^^^^^^^^^^^^^^^^^^^^^^^^^^^^^^^^^
  File "D:\AIOCRM\backend\server.py", line 1359, in inject_tenant_context
    return await call_next(request)
           ^^^^^^^^^^^^^^^^^^^^^^^^
  File "C:\Users\besta\AppData\Local\Programs\Python\Python313\Lib\site-packages\starlette\middleware\base.py", line 165, in call_next
    raise app_exc
  File "C:\Users\besta\AppData\Local\Programs\Python\Python313\Lib\site-packages\starlette\middleware\base.py", line 151, in coro
    await self.app(scope, receive_or_disconnect, send_no_error)
  File "C:\Users\besta\AppData\Local\Programs\Python\Python313\Lib\site-packages\starlette\middleware\exceptions.py", line 65, in __call__
    await wrap_app_handling_exceptions(self.app, conn)(scope, receive, send)
  File "C:\Users\besta\AppData\Local\Programs\Python\Python313\Lib\site-packages\starlette\_exception_handler.py", line 64, in wrapped_app
    raise exc
  File "C:\Users\besta\AppData\Local\Programs\Python\Python313\Lib\site-packages\starlette\_exception_handler.py", line 53, in wrapped_app
    await app(scope, receive, sender)
  File "C:\Users\besta\AppData\Local\Programs\Python\Python313\Lib\site-packages\starlette\routing.py", line 756, in __call__
    await self.middleware_stack(scope, receive, send)
  File "C:\Users\besta\AppData\Local\Programs\Python\Python313\Lib\site-packages\starlette\routing.py", line 776, in app
    await route.handle(scope, receive, send)
  File "C:\Users\besta\AppData\Local\Programs\Python\Python313\Lib\site-packages\starlette\routing.py", line 297, in handle
    await self.app(scope, receive, send)
  File "C:\Users\besta\AppData\Local\Programs\Python\Python313\Lib\site-packages\starlette\routing.py", line 77, in app
    await wrap_app_handling_exceptions(app, request)(scope, receive, send)
  File "C:\Users\besta\AppData\Local\Programs\Python\Python313\Lib\site-packages\starlette\_exception_handler.py", line 64, in wrapped_app
    raise exc
  File "C:\Users\besta\AppData\Local\Programs\Python\Python313\Lib\site-packages\starlette\_exception_handler.py", line 53, in wrapped_app
    await app(scope, receive, sender)
  File "C:\Users\besta\AppData\Local\Programs\Python\Python313\Lib\site-packages\starlette\routing.py", line 72, in app
    response = await func(request)
               ^^^^^^^^^^^^^^^^^^^
  File "C:\Users\besta\AppData\Local\Programs\Python\Python313\Lib\site-packages\fastapi\routing.py", line 278, in app
    raw_response = await run_endpoint_function(
                   ^^^^^^^^^^^^^^^^^^^^^^^^^^^^
        dependant=dependant, values=values, is_coroutine=is_coroutine
        ^^^^^^^^^^^^^^^^^^^^^^^^^^^^^^^^^^^^^^^^^^^^^^^^^^^^^^^^^^^^^
    )
    ^
  File "C:\Users\besta\AppData\Local\Programs\Python\Python313\Lib\site-packages\fastapi\routing.py", line 191, in run_endpoint_function
    return await dependant.call(**values)
           ^^^^^^^^^^^^^^^^^^^^^^^^^^^^^^
  File "D:\AIOCRM\backend\server.py", line 1938, in list_ai_agents
    return {"data": list_runtime_agents(include_hidden=resolved_include_hidden)}
                    ~~~~~~~~~~~~~~~~~~~^^^^^^^^^^^^^^^^^^^^^^^^^^^^^^^^^^^^^^^^
  File "D:\AIOCRM\backend\server.py", line 583, in list_runtime_agents
    conn = sqlite3.connect(provider.db_path)
           ^^^^^^^
NameError: name 'sqlite3' is not defined. Did you forget to import 'sqlite3'?
INFO:     127.0.0.1:58502 - "OPTIONS /api/brain/overview HTTP/1.1" 200 OK
INFO:     127.0.0.1:52321 - "OPTIONS /api/ai/providers/ollama/models HTTP/1.1" 200 OK
INFO:     127.0.0.1:56294 - "OPTIONS /api/brain/overview HTTP/1.1" 200 OK
INFO:     127.0.0.1:55724 - "OPTIONS /api/ai/providers/ollama/models HTTP/1.1" 200 OK
2026-03-25 14:18:32,995 - asyncio - ERROR - Exception in callback _ProactorBasePipeTransport._call_connection_lost()
handle: <Handle _ProactorBasePipeTransport._call_connection_lost()>
Traceback (most recent call last):
  File "C:\Users\besta\AppData\Local\Programs\Python\Python313\Lib\asyncio\events.py", line 89, in _run
    self._context.run(self._callback, *self._args)
    ~~~~~~~~~~~~~~~~~^^^^^^^^^^^^^^^^^^^^^^^^^^^^^
  File "C:\Users\besta\AppData\Local\Programs\Python\Python313\Lib\asyncio\proactor_events.py", line 165, in _call_connection_lost
    self._sock.shutdown(socket.SHUT_RDWR)
    ~~~~~~~~~~~~~~~~~~~^^^^^^^^^^^^^^^^^^
ConnectionResetError: [WinError 10054] An existing connection was forcibly closed by the remote host
INFO:     127.0.0.1:52321 - "GET /api/brain/overview HTTP/1.1" 200 OK
INFO:     127.0.0.1:55724 - "POST /api/ai/providers/ollama/models HTTP/1.1" 400 Bad Request
INFO:     127.0.0.1:56294 - "POST /api/ai/providers/ollama/models HTTP/1.1" 400 Bad Request
INFO:     127.0.0.1:50464 - "OPTIONS /api/ai/providers HTTP/1.1" 200 OK
INFO:     127.0.0.1:52321 - "GET /api/brain/overview HTTP/1.1" 200 OK
2026-03-25 14:18:41,166 - asyncio - ERROR - Exception in callback _ProactorBasePipeTransport._call_connection_lost()
handle: <Handle _ProactorBasePipeTransport._call_connection_lost()>
Traceback (most recent call last):
  File "C:\Users\besta\AppData\Local\Programs\Python\Python313\Lib\asyncio\events.py", line 89, in _run
    self._context.run(self._callback, *self._args)
    ~~~~~~~~~~~~~~~~~^^^^^^^^^^^^^^^^^^^^^^^^^^^^^
  File "C:\Users\besta\AppData\Local\Programs\Python\Python313\Lib\asyncio\proactor_events.py", line 165, in _call_connection_lost
    self._sock.shutdown(socket.SHUT_RDWR)
    ~~~~~~~~~~~~~~~~~~~^^^^^^^^^^^^^^^^^^
ConnectionResetError: [WinError 10054] An existing connection was forcibly closed by the remote host
INFO:     127.0.0.1:56294 - "GET /api/ai/providers HTTP/1.1" 200 OK
INFO:     127.0.0.1:52321 - "GET /api/ai/providers HTTP/1.1" 200 OK
INFO:     127.0.0.1:52321 - "OPTIONS /api/analytics/summary HTTP/1.1" 200 OK
INFO:     127.0.0.1:52321 - "GET /api/analytics/summary HTTP/1.1" 500 Internal Server Error
INFO:     127.0.0.1:52223 - "OPTIONS /api/analytics/summary HTTP/1.1" 200 OK
INFO:     127.0.0.1:52223 - "GET /api/analytics/summary HTTP/1.1" 500 Internal Server Error
INFO:     127.0.0.1:61448 - "GET /api/analytics/summary HTTP/1.1" 500 Internal Server Error
INFO:     127.0.0.1:60184 - "OPTIONS /api/auth/session HTTP/1.1" 200 OK
INFO:     127.0.0.1:50376 - "OPTIONS /api/auth/session HTTP/1.1" 200 OK
INFO:     127.0.0.1:50376 - "GET /api/auth/session HTTP/1.1" 200 OK
INFO:     127.0.0.1:60184 - "GET /api/auth/session HTTP/1.1" 200 OK
INFO:     127.0.0.1:60184 - "OPTIONS /api/ai/agents HTTP/1.1" 200 OK
INFO:     127.0.0.1:50376 - "OPTIONS /api/ai/runs?limit=12 HTTP/1.1" 200 OK
INFO:     127.0.0.1:54375 - "OPTIONS /api/ai/agents HTTP/1.1" 200 OK
INFO:     127.0.0.1:60184 - "OPTIONS /api/ai/runs?limit=12 HTTP/1.1" 200 OK
2026-03-25 14:32:04,639 - __main__ - ERROR - Unhandled exception: name 'sqlite3' is not defined
  + Exception Group Traceback (most recent call last):
  |   File "C:\Users\besta\AppData\Local\Programs\Python\Python313\Lib\site-packages\starlette\_utils.py", line 87, in collapse_excgroups
  |     yield
  |   File "C:\Users\besta\AppData\Local\Programs\Python\Python313\Lib\site-packages\starlette\middleware\base.py", line 190, in __call__
  |     async with anyio.create_task_group() as task_group:
  |                ~~~~~~~~~~~~~~~~~~~~~~~^^
  |   File "C:\Users\besta\AppData\Local\Programs\Python\Python313\Lib\site-packages\anyio\_backends\_asyncio.py", line 783, in __aexit__
  |     raise BaseExceptionGroup(
  |         "unhandled errors in a TaskGroup", self._exceptions
  |     ) from None
  | ExceptionGroup: unhandled errors in a TaskGroup (1 sub-exception)
  +-+---------------- 1 ----------------
    | Traceback (most recent call last):
    |   File "C:\Users\besta\AppData\Local\Programs\Python\Python313\Lib\site-packages\starlette\middleware\errors.py", line 164, in __call__
    |     await self.app(scope, receive, _send)
    |   File "C:\Users\besta\AppData\Local\Programs\Python\Python313\Lib\site-packages\starlette\middleware\cors.py", line 93, in __call__
    |     await self.simple_response(scope, receive, send, request_headers=headers)
    |   File "C:\Users\besta\AppData\Local\Programs\Python\Python313\Lib\site-packages\starlette\middleware\cors.py", line 148, in simple_response
    |     await self.app(scope, receive, send)
    |   File "C:\Users\besta\AppData\Local\Programs\Python\Python313\Lib\site-packages\starlette\middleware\base.py", line 189, in __call__
    |     with collapse_excgroups():
    |          ~~~~~~~~~~~~~~~~~~^^
    |   File "C:\Users\besta\AppData\Local\Programs\Python\Python313\Lib\contextlib.py", line 162, in __exit__
    |     self.gen.throw(value)
    |     ~~~~~~~~~~~~~~^^^^^^^
    |   File "C:\Users\besta\AppData\Local\Programs\Python\Python313\Lib\site-packages\starlette\_utils.py", line 93, in collapse_excgroups
    |     raise exc
    |   File "C:\Users\besta\AppData\Local\Programs\Python\Python313\Lib\site-packages\starlette\middleware\base.py", line 191, in __call__
    |     response = await self.dispatch_func(request, call_next)
    |                ^^^^^^^^^^^^^^^^^^^^^^^^^^^^^^^^^^^^^^^^^^^^
    |   File "D:\AIOCRM\backend\server.py", line 1359, in inject_tenant_context
    |     return await call_next(request)
    |            ^^^^^^^^^^^^^^^^^^^^^^^^
    |   File "C:\Users\besta\AppData\Local\Programs\Python\Python313\Lib\site-packages\starlette\middleware\base.py", line 165, in call_next
    |     raise app_exc
    |   File "C:\Users\besta\AppData\Local\Programs\Python\Python313\Lib\site-packages\starlette\middleware\base.py", line 151, in coro
    |     await self.app(scope, receive_or_disconnect, send_no_error)
    |   File "C:\Users\besta\AppData\Local\Programs\Python\Python313\Lib\site-packages\starlette\middleware\exceptions.py", line 65, in __call__
    |     await wrap_app_handling_exceptions(self.app, conn)(scope, receive, send)
    |   File "C:\Users\besta\AppData\Local\Programs\Python\Python313\Lib\site-packages\starlette\_exception_handler.py", line 64, in wrapped_app
    |     raise exc
    |   File "C:\Users\besta\AppData\Local\Programs\Python\Python313\Lib\site-packages\starlette\_exception_handler.py", line 53, in wrapped_app
    |     await app(scope, receive, sender)
    |   File "C:\Users\besta\AppData\Local\Programs\Python\Python313\Lib\site-packages\starlette\routing.py", line 756, in __call__
    |     await self.middleware_stack(scope, receive, send)
    |   File "C:\Users\besta\AppData\Local\Programs\Python\Python313\Lib\site-packages\starlette\routing.py", line 776, in app
    |     await route.handle(scope, receive, send)
    |   File "C:\Users\besta\AppData\Local\Programs\Python\Python313\Lib\site-packages\starlette\routing.py", line 297, in handle
    |     await self.app(scope, receive, send)
    |   File "C:\Users\besta\AppData\Local\Programs\Python\Python313\Lib\site-packages\starlette\routing.py", line 77, in app
    |     await wrap_app_handling_exceptions(app, request)(scope, receive, send)
    |   File "C:\Users\besta\AppData\Local\Programs\Python\Python313\Lib\site-packages\starlette\_exception_handler.py", line 64, in wrapped_app
    |     raise exc
    |   File "C:\Users\besta\AppData\Local\Programs\Python\Python313\Lib\site-packages\starlette\_exception_handler.py", line 53, in wrapped_app
    |     await app(scope, receive, sender)
    |   File "C:\Users\besta\AppData\Local\Programs\Python\Python313\Lib\site-packages\starlette\routing.py", line 72, in app
    |     response = await func(request)
    |                ^^^^^^^^^^^^^^^^^^^
    |   File "C:\Users\besta\AppData\Local\Programs\Python\Python313\Lib\site-packages\fastapi\routing.py", line 278, in app
    |     raw_response = await run_endpoint_function(
    |                    ^^^^^^^^^^^^^^^^^^^^^^^^^^^^
    |         dependant=dependant, values=values, is_coroutine=is_coroutine
    |         ^^^^^^^^^^^^^^^^^^^^^^^^^^^^^^^^^^^^^^^^^^^^^^^^^^^^^^^^^^^^^
    |     )
    |     ^
    |   File "C:\Users\besta\AppData\Local\Programs\Python\Python313\Lib\site-packages\fastapi\routing.py", line 191, in run_endpoint_function
    |     return await dependant.call(**values)
    |            ^^^^^^^^^^^^^^^^^^^^^^^^^^^^^^
    |   File "D:\AIOCRM\backend\server.py", line 1938, in list_ai_agents
    |     return {"data": list_runtime_agents(include_hidden=resolved_include_hidden)}
    |                     ~~~~~~~~~~~~~~~~~~~^^^^^^^^^^^^^^^^^^^^^^^^^^^^^^^^^^^^^^^^
    |   File "D:\AIOCRM\backend\server.py", line 583, in list_runtime_agents
    |     conn = sqlite3.connect(provider.db_path)
    |            ^^^^^^^
    | NameError: name 'sqlite3' is not defined. Did you forget to import 'sqlite3'?
    +------------------------------------

During handling of the above exception, another exception occurred:

Traceback (most recent call last):
  File "C:\Users\besta\AppData\Local\Programs\Python\Python313\Lib\site-packages\starlette\middleware\errors.py", line 164, in __call__
    await self.app(scope, receive, _send)
  File "C:\Users\besta\AppData\Local\Programs\Python\Python313\Lib\site-packages\starlette\middleware\cors.py", line 93, in __call__
    await self.simple_response(scope, receive, send, request_headers=headers)
  File "C:\Users\besta\AppData\Local\Programs\Python\Python313\Lib\site-packages\starlette\middleware\cors.py", line 148, in simple_response
    await self.app(scope, receive, send)
  File "C:\Users\besta\AppData\Local\Programs\Python\Python313\Lib\site-packages\starlette\middleware\base.py", line 189, in __call__
    with collapse_excgroups():
         ~~~~~~~~~~~~~~~~~~^^
  File "C:\Users\besta\AppData\Local\Programs\Python\Python313\Lib\contextlib.py", line 162, in __exit__
    self.gen.throw(value)
    ~~~~~~~~~~~~~~^^^^^^^
  File "C:\Users\besta\AppData\Local\Programs\Python\Python313\Lib\site-packages\starlette\_utils.py", line 93, in collapse_excgroups
    raise exc
  File "C:\Users\besta\AppData\Local\Programs\Python\Python313\Lib\site-packages\starlette\middleware\base.py", line 191, in __call__
    response = await self.dispatch_func(request, call_next)
               ^^^^^^^^^^^^^^^^^^^^^^^^^^^^^^^^^^^^^^^^^^^^
  File "D:\AIOCRM\backend\server.py", line 1359, in inject_tenant_context
    return await call_next(request)
           ^^^^^^^^^^^^^^^^^^^^^^^^
  File "C:\Users\besta\AppData\Local\Programs\Python\Python313\Lib\site-packages\starlette\middleware\base.py", line 165, in call_next
    raise app_exc
  File "C:\Users\besta\AppData\Local\Programs\Python\Python313\Lib\site-packages\starlette\middleware\base.py", line 151, in coro
    await self.app(scope, receive_or_disconnect, send_no_error)
  File "C:\Users\besta\AppData\Local\Programs\Python\Python313\Lib\site-packages\starlette\middleware\exceptions.py", line 65, in __call__
    await wrap_app_handling_exceptions(self.app, conn)(scope, receive, send)
  File "C:\Users\besta\AppData\Local\Programs\Python\Python313\Lib\site-packages\starlette\_exception_handler.py", line 64, in wrapped_app
    raise exc
  File "C:\Users\besta\AppData\Local\Programs\Python\Python313\Lib\site-packages\starlette\_exception_handler.py", line 53, in wrapped_app
    await app(scope, receive, sender)
  File "C:\Users\besta\AppData\Local\Programs\Python\Python313\Lib\site-packages\starlette\routing.py", line 756, in __call__
    await self.middleware_stack(scope, receive, send)
  File "C:\Users\besta\AppData\Local\Programs\Python\Python313\Lib\site-packages\starlette\routing.py", line 776, in app
    await route.handle(scope, receive, send)
  File "C:\Users\besta\AppData\Local\Programs\Python\Python313\Lib\site-packages\starlette\routing.py", line 297, in handle
    await self.app(scope, receive, send)
  File "C:\Users\besta\AppData\Local\Programs\Python\Python313\Lib\site-packages\starlette\routing.py", line 77, in app
    await wrap_app_handling_exceptions(app, request)(scope, receive, send)
  File "C:\Users\besta\AppData\Local\Programs\Python\Python313\Lib\site-packages\starlette\_exception_handler.py", line 64, in wrapped_app
    raise exc
  File "C:\Users\besta\AppData\Local\Programs\Python\Python313\Lib\site-packages\starlette\_exception_handler.py", line 53, in wrapped_app
    await app(scope, receive, sender)
  File "C:\Users\besta\AppData\Local\Programs\Python\Python313\Lib\site-packages\starlette\routing.py", line 72, in app
    response = await func(request)
               ^^^^^^^^^^^^^^^^^^^
  File "C:\Users\besta\AppData\Local\Programs\Python\Python313\Lib\site-packages\fastapi\routing.py", line 278, in app
    raw_response = await run_endpoint_function(
                   ^^^^^^^^^^^^^^^^^^^^^^^^^^^^
        dependant=dependant, values=values, is_coroutine=is_coroutine
        ^^^^^^^^^^^^^^^^^^^^^^^^^^^^^^^^^^^^^^^^^^^^^^^^^^^^^^^^^^^^^
    )
    ^
  File "C:\Users\besta\AppData\Local\Programs\Python\Python313\Lib\site-packages\fastapi\routing.py", line 191, in run_endpoint_function
    return await dependant.call(**values)
           ^^^^^^^^^^^^^^^^^^^^^^^^^^^^^^
  File "D:\AIOCRM\backend\server.py", line 1938, in list_ai_agents
    return {"data": list_runtime_agents(include_hidden=resolved_include_hidden)}
                    ~~~~~~~~~~~~~~~~~~~^^^^^^^^^^^^^^^^^^^^^^^^^^^^^^^^^^^^^^^^
  File "D:\AIOCRM\backend\server.py", line 583, in list_runtime_agents
    conn = sqlite3.connect(provider.db_path)
           ^^^^^^^
NameError: name 'sqlite3' is not defined. Did you forget to import 'sqlite3'?
INFO:     127.0.0.1:54375 - "GET /api/ai/agents HTTP/1.1" 500 Internal Server Error
ERROR:    Exception in ASGI application
  + Exception Group Traceback (most recent call last):
  |   File "C:\Users\besta\AppData\Local\Programs\Python\Python313\Lib\site-packages\starlette\_utils.py", line 87, in collapse_excgroups
  |     yield
  |   File "C:\Users\besta\AppData\Local\Programs\Python\Python313\Lib\site-packages\starlette\middleware\base.py", line 190, in __call__
  |     async with anyio.create_task_group() as task_group:
  |                ~~~~~~~~~~~~~~~~~~~~~~~^^
  |   File "C:\Users\besta\AppData\Local\Programs\Python\Python313\Lib\site-packages\anyio\_backends\_asyncio.py", line 783, in __aexit__
  |     raise BaseExceptionGroup(
  |         "unhandled errors in a TaskGroup", self._exceptions
  |     ) from None
  | ExceptionGroup: unhandled errors in a TaskGroup (1 sub-exception)
  +-+---------------- 1 ----------------
    | Traceback (most recent call last):
    |   File "C:\Users\besta\AppData\Local\Programs\Python\Python313\Lib\site-packages\uvicorn\protocols\http\h11_impl.py", line 408, in run_asgi
    |     result = await app(  # type: ignore[func-returns-value]
    |              ^^^^^^^^^^^^^^^^^^^^^^^^^^^^^^^^^^^^^^^^^^^^^^
    |         self.scope, self.receive, self.send
    |         ^^^^^^^^^^^^^^^^^^^^^^^^^^^^^^^^^^^
    |     )
    |     ^
    |   File "C:\Users\besta\AppData\Local\Programs\Python\Python313\Lib\site-packages\uvicorn\middleware\proxy_headers.py", line 84, in __call__
    |     return await self.app(scope, receive, send)
    |            ^^^^^^^^^^^^^^^^^^^^^^^^^^^^^^^^^^^^
    |   File "C:\Users\besta\AppData\Local\Programs\Python\Python313\Lib\site-packages\fastapi\applications.py", line 1054, in __call__
    |     await super().__call__(scope, receive, send)
    |   File "C:\Users\besta\AppData\Local\Programs\Python\Python313\Lib\site-packages\starlette\applications.py", line 123, in __call__
    |     await self.middleware_stack(scope, receive, send)
    |   File "C:\Users\besta\AppData\Local\Programs\Python\Python313\Lib\site-packages\starlette\middleware\errors.py", line 186, in __call__
    |     raise exc
    |   File "C:\Users\besta\AppData\Local\Programs\Python\Python313\Lib\site-packages\starlette\middleware\errors.py", line 164, in __call__
    |     await self.app(scope, receive, _send)
    |   File "C:\Users\besta\AppData\Local\Programs\Python\Python313\Lib\site-packages\starlette\middleware\cors.py", line 93, in __call__
    |     await self.simple_response(scope, receive, send, request_headers=headers)
    |   File "C:\Users\besta\AppData\Local\Programs\Python\Python313\Lib\site-packages\starlette\middleware\cors.py", line 148, in simple_response
    |     await self.app(scope, receive, send)
    |   File "C:\Users\besta\AppData\Local\Programs\Python\Python313\Lib\site-packages\starlette\middleware\base.py", line 189, in __call__
    |     with collapse_excgroups():
    |          ~~~~~~~~~~~~~~~~~~^^
    |   File "C:\Users\besta\AppData\Local\Programs\Python\Python313\Lib\contextlib.py", line 162, in __exit__
    |     self.gen.throw(value)
    |     ~~~~~~~~~~~~~~^^^^^^^
    |   File "C:\Users\besta\AppData\Local\Programs\Python\Python313\Lib\site-packages\starlette\_utils.py", line 93, in collapse_excgroups
    |     raise exc
    |   File "C:\Users\besta\AppData\Local\Programs\Python\Python313\Lib\site-packages\starlette\middleware\base.py", line 191, in __call__
    |     response = await self.dispatch_func(request, call_next)
    |                ^^^^^^^^^^^^^^^^^^^^^^^^^^^^^^^^^^^^^^^^^^^^
    |   File "D:\AIOCRM\backend\server.py", line 1359, in inject_tenant_context
    |     return await call_next(request)
    |            ^^^^^^^^^^^^^^^^^^^^^^^^
    |   File "C:\Users\besta\AppData\Local\Programs\Python\Python313\Lib\site-packages\starlette\middleware\base.py", line 165, in call_next
    |     raise app_exc
    |   File "C:\Users\besta\AppData\Local\Programs\Python\Python313\Lib\site-packages\starlette\middleware\base.py", line 151, in coro
    |     await self.app(scope, receive_or_disconnect, send_no_error)
    |   File "C:\Users\besta\AppData\Local\Programs\Python\Python313\Lib\site-packages\starlette\middleware\exceptions.py", line 65, in __call__
    |     await wrap_app_handling_exceptions(self.app, conn)(scope, receive, send)
    |   File "C:\Users\besta\AppData\Local\Programs\Python\Python313\Lib\site-packages\starlette\_exception_handler.py", line 64, in wrapped_app
    |     raise exc
    |   File "C:\Users\besta\AppData\Local\Programs\Python\Python313\Lib\site-packages\starlette\_exception_handler.py", line 53, in wrapped_app
    |     await app(scope, receive, sender)
    |   File "C:\Users\besta\AppData\Local\Programs\Python\Python313\Lib\site-packages\starlette\routing.py", line 756, in __call__
    |     await self.middleware_stack(scope, receive, send)
    |   File "C:\Users\besta\AppData\Local\Programs\Python\Python313\Lib\site-packages\starlette\routing.py", line 776, in app
    |     await route.handle(scope, receive, send)
    |   File "C:\Users\besta\AppData\Local\Programs\Python\Python313\Lib\site-packages\starlette\routing.py", line 297, in handle
    |     await self.app(scope, receive, send)
    |   File "C:\Users\besta\AppData\Local\Programs\Python\Python313\Lib\site-packages\starlette\routing.py", line 77, in app
    |     await wrap_app_handling_exceptions(app, request)(scope, receive, send)
    |   File "C:\Users\besta\AppData\Local\Programs\Python\Python313\Lib\site-packages\starlette\_exception_handler.py", line 64, in wrapped_app
    |     raise exc
    |   File "C:\Users\besta\AppData\Local\Programs\Python\Python313\Lib\site-packages\starlette\_exception_handler.py", line 53, in wrapped_app
    |     await app(scope, receive, sender)
    |   File "C:\Users\besta\AppData\Local\Programs\Python\Python313\Lib\site-packages\starlette\routing.py", line 72, in app
    |     response = await func(request)
    |                ^^^^^^^^^^^^^^^^^^^
    |   File "C:\Users\besta\AppData\Local\Programs\Python\Python313\Lib\site-packages\fastapi\routing.py", line 278, in app
    |     raw_response = await run_endpoint_function(
    |                    ^^^^^^^^^^^^^^^^^^^^^^^^^^^^
    |         dependant=dependant, values=values, is_coroutine=is_coroutine
    |         ^^^^^^^^^^^^^^^^^^^^^^^^^^^^^^^^^^^^^^^^^^^^^^^^^^^^^^^^^^^^^
    |     )
    |     ^
    |   File "C:\Users\besta\AppData\Local\Programs\Python\Python313\Lib\site-packages\fastapi\routing.py", line 191, in run_endpoint_function
    |     return await dependant.call(**values)
    |            ^^^^^^^^^^^^^^^^^^^^^^^^^^^^^^
    |   File "D:\AIOCRM\backend\server.py", line 1938, in list_ai_agents
    |     return {"data": list_runtime_agents(include_hidden=resolved_include_hidden)}
    |                     ~~~~~~~~~~~~~~~~~~~^^^^^^^^^^^^^^^^^^^^^^^^^^^^^^^^^^^^^^^^
    |   File "D:\AIOCRM\backend\server.py", line 583, in list_runtime_agents
    |     conn = sqlite3.connect(provider.db_path)
    |            ^^^^^^^
    | NameError: name 'sqlite3' is not defined. Did you forget to import 'sqlite3'?
    +------------------------------------

During handling of the above exception, another exception occurred:

Traceback (most recent call last):
  File "C:\Users\besta\AppData\Local\Programs\Python\Python313\Lib\site-packages\uvicorn\protocols\http\h11_impl.py", line 408, in run_asgi
    result = await app(  # type: ignore[func-returns-value]
             ^^^^^^^^^^^^^^^^^^^^^^^^^^^^^^^^^^^^^^^^^^^^^^
        self.scope, self.receive, self.send
        ^^^^^^^^^^^^^^^^^^^^^^^^^^^^^^^^^^^
    )
    ^
  File "C:\Users\besta\AppData\Local\Programs\Python\Python313\Lib\site-packages\uvicorn\middleware\proxy_headers.py", line 84, in __call__
    return await self.app(scope, receive, send)
           ^^^^^^^^^^^^^^^^^^^^^^^^^^^^^^^^^^^^
  File "C:\Users\besta\AppData\Local\Programs\Python\Python313\Lib\site-packages\fastapi\applications.py", line 1054, in __call__
    await super().__call__(scope, receive, send)
  File "C:\Users\besta\AppData\Local\Programs\Python\Python313\Lib\site-packages\starlette\applications.py", line 123, in __call__
    await self.middleware_stack(scope, receive, send)
  File "C:\Users\besta\AppData\Local\Programs\Python\Python313\Lib\site-packages\starlette\middleware\errors.py", line 186, in __call__
    raise exc
  File "C:\Users\besta\AppData\Local\Programs\Python\Python313\Lib\site-packages\starlette\middleware\errors.py", line 164, in __call__
    await self.app(scope, receive, _send)
  File "C:\Users\besta\AppData\Local\Programs\Python\Python313\Lib\site-packages\starlette\middleware\cors.py", line 93, in __call__
    await self.simple_response(scope, receive, send, request_headers=headers)
  File "C:\Users\besta\AppData\Local\Programs\Python\Python313\Lib\site-packages\starlette\middleware\cors.py", line 148, in simple_response
    await self.app(scope, receive, send)
  File "C:\Users\besta\AppData\Local\Programs\Python\Python313\Lib\site-packages\starlette\middleware\base.py", line 189, in __call__
    with collapse_excgroups():
         ~~~~~~~~~~~~~~~~~~^^
  File "C:\Users\besta\AppData\Local\Programs\Python\Python313\Lib\contextlib.py", line 162, in __exit__
    self.gen.throw(value)
    ~~~~~~~~~~~~~~^^^^^^^
  File "C:\Users\besta\AppData\Local\Programs\Python\Python313\Lib\site-packages\starlette\_utils.py", line 93, in collapse_excgroups
    raise exc
  File "C:\Users\besta\AppData\Local\Programs\Python\Python313\Lib\site-packages\starlette\middleware\base.py", line 191, in __call__
    response = await self.dispatch_func(request, call_next)
               ^^^^^^^^^^^^^^^^^^^^^^^^^^^^^^^^^^^^^^^^^^^^
  File "D:\AIOCRM\backend\server.py", line 1359, in inject_tenant_context
    return await call_next(request)
           ^^^^^^^^^^^^^^^^^^^^^^^^
  File "C:\Users\besta\AppData\Local\Programs\Python\Python313\Lib\site-packages\starlette\middleware\base.py", line 165, in call_next
    raise app_exc
  File "C:\Users\besta\AppData\Local\Programs\Python\Python313\Lib\site-packages\starlette\middleware\base.py", line 151, in coro
    await self.app(scope, receive_or_disconnect, send_no_error)
  File "C:\Users\besta\AppData\Local\Programs\Python\Python313\Lib\site-packages\starlette\middleware\exceptions.py", line 65, in __call__
    await wrap_app_handling_exceptions(self.app, conn)(scope, receive, send)
  File "C:\Users\besta\AppData\Local\Programs\Python\Python313\Lib\site-packages\starlette\_exception_handler.py", line 64, in wrapped_app
    raise exc
  File "C:\Users\besta\AppData\Local\Programs\Python\Python313\Lib\site-packages\starlette\_exception_handler.py", line 53, in wrapped_app
    await app(scope, receive, sender)
  File "C:\Users\besta\AppData\Local\Programs\Python\Python313\Lib\site-packages\starlette\routing.py", line 756, in __call__
    await self.middleware_stack(scope, receive, send)
  File "C:\Users\besta\AppData\Local\Programs\Python\Python313\Lib\site-packages\starlette\routing.py", line 776, in app
    await route.handle(scope, receive, send)
  File "C:\Users\besta\AppData\Local\Programs\Python\Python313\Lib\site-packages\starlette\routing.py", line 297, in handle
    await self.app(scope, receive, send)
  File "C:\Users\besta\AppData\Local\Programs\Python\Python313\Lib\site-packages\starlette\routing.py", line 77, in app
    await wrap_app_handling_exceptions(app, request)(scope, receive, send)
  File "C:\Users\besta\AppData\Local\Programs\Python\Python313\Lib\site-packages\starlette\_exception_handler.py", line 64, in wrapped_app
    raise exc
  File "C:\Users\besta\AppData\Local\Programs\Python\Python313\Lib\site-packages\starlette\_exception_handler.py", line 53, in wrapped_app
    await app(scope, receive, sender)
  File "C:\Users\besta\AppData\Local\Programs\Python\Python313\Lib\site-packages\starlette\routing.py", line 72, in app
    response = await func(request)
               ^^^^^^^^^^^^^^^^^^^
  File "C:\Users\besta\AppData\Local\Programs\Python\Python313\Lib\site-packages\fastapi\routing.py", line 278, in app
    raw_response = await run_endpoint_function(
                   ^^^^^^^^^^^^^^^^^^^^^^^^^^^^
        dependant=dependant, values=values, is_coroutine=is_coroutine
        ^^^^^^^^^^^^^^^^^^^^^^^^^^^^^^^^^^^^^^^^^^^^^^^^^^^^^^^^^^^^^
    )
    ^
  File "C:\Users\besta\AppData\Local\Programs\Python\Python313\Lib\site-packages\fastapi\routing.py", line 191, in run_endpoint_function
    return await dependant.call(**values)
           ^^^^^^^^^^^^^^^^^^^^^^^^^^^^^^
  File "D:\AIOCRM\backend\server.py", line 1938, in list_ai_agents
    return {"data": list_runtime_agents(include_hidden=resolved_include_hidden)}
                    ~~~~~~~~~~~~~~~~~~~^^^^^^^^^^^^^^^^^^^^^^^^^^^^^^^^^^^^^^^^
  File "D:\AIOCRM\backend\server.py", line 583, in list_runtime_agents
    conn = sqlite3.connect(provider.db_path)
           ^^^^^^^
NameError: name 'sqlite3' is not defined. Did you forget to import 'sqlite3'?
INFO:     127.0.0.1:60184 - "GET /api/ai/runs?limit=12 HTTP/1.1" 200 OK
2026-03-25 14:32:04,662 - __main__ - ERROR - Unhandled exception: name 'sqlite3' is not defined
  + Exception Group Traceback (most recent call last):
  |   File "C:\Users\besta\AppData\Local\Programs\Python\Python313\Lib\site-packages\starlette\_utils.py", line 87, in collapse_excgroups
  |     yield
  |   File "C:\Users\besta\AppData\Local\Programs\Python\Python313\Lib\site-packages\starlette\middleware\base.py", line 190, in __call__
  |     async with anyio.create_task_group() as task_group:
  |                ~~~~~~~~~~~~~~~~~~~~~~~^^
  |   File "C:\Users\besta\AppData\Local\Programs\Python\Python313\Lib\site-packages\anyio\_backends\_asyncio.py", line 783, in __aexit__
  |     raise BaseExceptionGroup(
  |         "unhandled errors in a TaskGroup", self._exceptions
  |     ) from None
  | ExceptionGroup: unhandled errors in a TaskGroup (1 sub-exception)
  +-+---------------- 1 ----------------
    | Traceback (most recent call last):
    |   File "C:\Users\besta\AppData\Local\Programs\Python\Python313\Lib\site-packages\starlette\middleware\errors.py", line 164, in __call__
    |     await self.app(scope, receive, _send)
    |   File "C:\Users\besta\AppData\Local\Programs\Python\Python313\Lib\site-packages\starlette\middleware\cors.py", line 93, in __call__
    |     await self.simple_response(scope, receive, send, request_headers=headers)
    |   File "C:\Users\besta\AppData\Local\Programs\Python\Python313\Lib\site-packages\starlette\middleware\cors.py", line 148, in simple_response
    |     await self.app(scope, receive, send)
    |   File "C:\Users\besta\AppData\Local\Programs\Python\Python313\Lib\site-packages\starlette\middleware\base.py", line 189, in __call__
    |     with collapse_excgroups():
    |          ~~~~~~~~~~~~~~~~~~^^
    |   File "C:\Users\besta\AppData\Local\Programs\Python\Python313\Lib\contextlib.py", line 162, in __exit__
    |     self.gen.throw(value)
    |     ~~~~~~~~~~~~~~^^^^^^^
    |   File "C:\Users\besta\AppData\Local\Programs\Python\Python313\Lib\site-packages\starlette\_utils.py", line 93, in collapse_excgroups
    |     raise exc
    |   File "C:\Users\besta\AppData\Local\Programs\Python\Python313\Lib\site-packages\starlette\middleware\base.py", line 191, in __call__
    |     response = await self.dispatch_func(request, call_next)
    |                ^^^^^^^^^^^^^^^^^^^^^^^^^^^^^^^^^^^^^^^^^^^^
    |   File "D:\AIOCRM\backend\server.py", line 1359, in inject_tenant_context
    |     return await call_next(request)
    |            ^^^^^^^^^^^^^^^^^^^^^^^^
    |   File "C:\Users\besta\AppData\Local\Programs\Python\Python313\Lib\site-packages\starlette\middleware\base.py", line 165, in call_next
    |     raise app_exc
    |   File "C:\Users\besta\AppData\Local\Programs\Python\Python313\Lib\site-packages\starlette\middleware\base.py", line 151, in coro
    |     await self.app(scope, receive_or_disconnect, send_no_error)
    |   File "C:\Users\besta\AppData\Local\Programs\Python\Python313\Lib\site-packages\starlette\middleware\exceptions.py", line 65, in __call__
    |     await wrap_app_handling_exceptions(self.app, conn)(scope, receive, send)
    |   File "C:\Users\besta\AppData\Local\Programs\Python\Python313\Lib\site-packages\starlette\_exception_handler.py", line 64, in wrapped_app
    |     raise exc
    |   File "C:\Users\besta\AppData\Local\Programs\Python\Python313\Lib\site-packages\starlette\_exception_handler.py", line 53, in wrapped_app
    |     await app(scope, receive, sender)
    |   File "C:\Users\besta\AppData\Local\Programs\Python\Python313\Lib\site-packages\starlette\routing.py", line 756, in __call__
    |     await self.middleware_stack(scope, receive, send)
    |   File "C:\Users\besta\AppData\Local\Programs\Python\Python313\Lib\site-packages\starlette\routing.py", line 776, in app
    |     await route.handle(scope, receive, send)
    |   File "C:\Users\besta\AppData\Local\Programs\Python\Python313\Lib\site-packages\starlette\routing.py", line 297, in handle
    |     await self.app(scope, receive, send)
    |   File "C:\Users\besta\AppData\Local\Programs\Python\Python313\Lib\site-packages\starlette\routing.py", line 77, in app
    |     await wrap_app_handling_exceptions(app, request)(scope, receive, send)
    |   File "C:\Users\besta\AppData\Local\Programs\Python\Python313\Lib\site-packages\starlette\_exception_handler.py", line 64, in wrapped_app
    |     raise exc
    |   File "C:\Users\besta\AppData\Local\Programs\Python\Python313\Lib\site-packages\starlette\_exception_handler.py", line 53, in wrapped_app
    |     await app(scope, receive, sender)
    |   File "C:\Users\besta\AppData\Local\Programs\Python\Python313\Lib\site-packages\starlette\routing.py", line 72, in app
    |     response = await func(request)
    |                ^^^^^^^^^^^^^^^^^^^
    |   File "C:\Users\besta\AppData\Local\Programs\Python\Python313\Lib\site-packages\fastapi\routing.py", line 278, in app
    |     raw_response = await run_endpoint_function(
    |                    ^^^^^^^^^^^^^^^^^^^^^^^^^^^^
    |         dependant=dependant, values=values, is_coroutine=is_coroutine
    |         ^^^^^^^^^^^^^^^^^^^^^^^^^^^^^^^^^^^^^^^^^^^^^^^^^^^^^^^^^^^^^
    |     )
    |     ^
    |   File "C:\Users\besta\AppData\Local\Programs\Python\Python313\Lib\site-packages\fastapi\routing.py", line 191, in run_endpoint_function
    |     return await dependant.call(**values)
    |            ^^^^^^^^^^^^^^^^^^^^^^^^^^^^^^
    |   File "D:\AIOCRM\backend\server.py", line 1938, in list_ai_agents
    |     return {"data": list_runtime_agents(include_hidden=resolved_include_hidden)}
    |                     ~~~~~~~~~~~~~~~~~~~^^^^^^^^^^^^^^^^^^^^^^^^^^^^^^^^^^^^^^^^
    |   File "D:\AIOCRM\backend\server.py", line 583, in list_runtime_agents
    |     conn = sqlite3.connect(provider.db_path)
    |            ^^^^^^^
    | NameError: name 'sqlite3' is not defined. Did you forget to import 'sqlite3'?
    +------------------------------------

During handling of the above exception, another exception occurred:

Traceback (most recent call last):
  File "C:\Users\besta\AppData\Local\Programs\Python\Python313\Lib\site-packages\starlette\middleware\errors.py", line 164, in __call__
    await self.app(scope, receive, _send)
  File "C:\Users\besta\AppData\Local\Programs\Python\Python313\Lib\site-packages\starlette\middleware\cors.py", line 93, in __call__
    await self.simple_response(scope, receive, send, request_headers=headers)
  File "C:\Users\besta\AppData\Local\Programs\Python\Python313\Lib\site-packages\starlette\middleware\cors.py", line 148, in simple_response
    await self.app(scope, receive, send)
  File "C:\Users\besta\AppData\Local\Programs\Python\Python313\Lib\site-packages\starlette\middleware\base.py", line 189, in __call__
    with collapse_excgroups():
         ~~~~~~~~~~~~~~~~~~^^
  File "C:\Users\besta\AppData\Local\Programs\Python\Python313\Lib\contextlib.py", line 162, in __exit__
    self.gen.throw(value)
    ~~~~~~~~~~~~~~^^^^^^^
  File "C:\Users\besta\AppData\Local\Programs\Python\Python313\Lib\site-packages\starlette\_utils.py", line 93, in collapse_excgroups
    raise exc
  File "C:\Users\besta\AppData\Local\Programs\Python\Python313\Lib\site-packages\starlette\middleware\base.py", line 191, in __call__
    response = await self.dispatch_func(request, call_next)
               ^^^^^^^^^^^^^^^^^^^^^^^^^^^^^^^^^^^^^^^^^^^^
  File "D:\AIOCRM\backend\server.py", line 1359, in inject_tenant_context
    return await call_next(request)
           ^^^^^^^^^^^^^^^^^^^^^^^^
  File "C:\Users\besta\AppData\Local\Programs\Python\Python313\Lib\site-packages\starlette\middleware\base.py", line 165, in call_next
    raise app_exc
  File "C:\Users\besta\AppData\Local\Programs\Python\Python313\Lib\site-packages\starlette\middleware\base.py", line 151, in coro
    await self.app(scope, receive_or_disconnect, send_no_error)
  File "C:\Users\besta\AppData\Local\Programs\Python\Python313\Lib\site-packages\starlette\middleware\exceptions.py", line 65, in __call__
    await wrap_app_handling_exceptions(self.app, conn)(scope, receive, send)
  File "C:\Users\besta\AppData\Local\Programs\Python\Python313\Lib\site-packages\starlette\_exception_handler.py", line 64, in wrapped_app
    raise exc
  File "C:\Users\besta\AppData\Local\Programs\Python\Python313\Lib\site-packages\starlette\_exception_handler.py", line 53, in wrapped_app
    await app(scope, receive, sender)
  File "C:\Users\besta\AppData\Local\Programs\Python\Python313\Lib\site-packages\starlette\routing.py", line 756, in __call__
    await self.middleware_stack(scope, receive, send)
  File "C:\Users\besta\AppData\Local\Programs\Python\Python313\Lib\site-packages\starlette\routing.py", line 776, in app
    await route.handle(scope, receive, send)
  File "C:\Users\besta\AppData\Local\Programs\Python\Python313\Lib\site-packages\starlette\routing.py", line 297, in handle
    await self.app(scope, receive, send)
  File "C:\Users\besta\AppData\Local\Programs\Python\Python313\Lib\site-packages\starlette\routing.py", line 77, in app
    await wrap_app_handling_exceptions(app, request)(scope, receive, send)
  File "C:\Users\besta\AppData\Local\Programs\Python\Python313\Lib\site-packages\starlette\_exception_handler.py", line 64, in wrapped_app
    raise exc
  File "C:\Users\besta\AppData\Local\Programs\Python\Python313\Lib\site-packages\starlette\_exception_handler.py", line 53, in wrapped_app
    await app(scope, receive, sender)
  File "C:\Users\besta\AppData\Local\Programs\Python\Python313\Lib\site-packages\starlette\routing.py", line 72, in app
    response = await func(request)
               ^^^^^^^^^^^^^^^^^^^
  File "C:\Users\besta\AppData\Local\Programs\Python\Python313\Lib\site-packages\fastapi\routing.py", line 278, in app
    raw_response = await run_endpoint_function(
                   ^^^^^^^^^^^^^^^^^^^^^^^^^^^^
        dependant=dependant, values=values, is_coroutine=is_coroutine
        ^^^^^^^^^^^^^^^^^^^^^^^^^^^^^^^^^^^^^^^^^^^^^^^^^^^^^^^^^^^^^
    )
    ^
  File "C:\Users\besta\AppData\Local\Programs\Python\Python313\Lib\site-packages\fastapi\routing.py", line 191, in run_endpoint_function
    return await dependant.call(**values)
           ^^^^^^^^^^^^^^^^^^^^^^^^^^^^^^
  File "D:\AIOCRM\backend\server.py", line 1938, in list_ai_agents
    return {"data": list_runtime_agents(include_hidden=resolved_include_hidden)}
                    ~~~~~~~~~~~~~~~~~~~^^^^^^^^^^^^^^^^^^^^^^^^^^^^^^^^^^^^^^^^
  File "D:\AIOCRM\backend\server.py", line 583, in list_runtime_agents
    conn = sqlite3.connect(provider.db_path)
           ^^^^^^^
NameError: name 'sqlite3' is not defined. Did you forget to import 'sqlite3'?
INFO:     127.0.0.1:50376 - "GET /api/ai/agents HTTP/1.1" 500 Internal Server Error
ERROR:    Exception in ASGI application
  + Exception Group Traceback (most recent call last):
  |   File "C:\Users\besta\AppData\Local\Programs\Python\Python313\Lib\site-packages\starlette\_utils.py", line 87, in collapse_excgroups
  |     yield
  |   File "C:\Users\besta\AppData\Local\Programs\Python\Python313\Lib\site-packages\starlette\middleware\base.py", line 190, in __call__
  |     async with anyio.create_task_group() as task_group:
  |                ~~~~~~~~~~~~~~~~~~~~~~~^^
  |   File "C:\Users\besta\AppData\Local\Programs\Python\Python313\Lib\site-packages\anyio\_backends\_asyncio.py", line 783, in __aexit__
  |     raise BaseExceptionGroup(
  |         "unhandled errors in a TaskGroup", self._exceptions
  |     ) from None
  | ExceptionGroup: unhandled errors in a TaskGroup (1 sub-exception)
  +-+---------------- 1 ----------------
    | Traceback (most recent call last):
    |   File "C:\Users\besta\AppData\Local\Programs\Python\Python313\Lib\site-packages\uvicorn\protocols\http\h11_impl.py", line 408, in run_asgi
    |     result = await app(  # type: ignore[func-returns-value]
    |              ^^^^^^^^^^^^^^^^^^^^^^^^^^^^^^^^^^^^^^^^^^^^^^
    |         self.scope, self.receive, self.send
    |         ^^^^^^^^^^^^^^^^^^^^^^^^^^^^^^^^^^^
    |     )
    |     ^
    |   File "C:\Users\besta\AppData\Local\Programs\Python\Python313\Lib\site-packages\uvicorn\middleware\proxy_headers.py", line 84, in __call__
    |     return await self.app(scope, receive, send)
    |            ^^^^^^^^^^^^^^^^^^^^^^^^^^^^^^^^^^^^
    |   File "C:\Users\besta\AppData\Local\Programs\Python\Python313\Lib\site-packages\fastapi\applications.py", line 1054, in __call__
    |     await super().__call__(scope, receive, send)
    |   File "C:\Users\besta\AppData\Local\Programs\Python\Python313\Lib\site-packages\starlette\applications.py", line 123, in __call__
    |     await self.middleware_stack(scope, receive, send)
    |   File "C:\Users\besta\AppData\Local\Programs\Python\Python313\Lib\site-packages\starlette\middleware\errors.py", line 186, in __call__
    |     raise exc
    |   File "C:\Users\besta\AppData\Local\Programs\Python\Python313\Lib\site-packages\starlette\middleware\errors.py", line 164, in __call__
    |     await self.app(scope, receive, _send)
    |   File "C:\Users\besta\AppData\Local\Programs\Python\Python313\Lib\site-packages\starlette\middleware\cors.py", line 93, in __call__
    |     await self.simple_response(scope, receive, send, request_headers=headers)
    |   File "C:\Users\besta\AppData\Local\Programs\Python\Python313\Lib\site-packages\starlette\middleware\cors.py", line 148, in simple_response
    |     await self.app(scope, receive, send)
    |   File "C:\Users\besta\AppData\Local\Programs\Python\Python313\Lib\site-packages\starlette\middleware\base.py", line 189, in __call__
    |     with collapse_excgroups():
    |          ~~~~~~~~~~~~~~~~~~^^
    |   File "C:\Users\besta\AppData\Local\Programs\Python\Python313\Lib\contextlib.py", line 162, in __exit__
    |     self.gen.throw(value)
    |     ~~~~~~~~~~~~~~^^^^^^^
    |   File "C:\Users\besta\AppData\Local\Programs\Python\Python313\Lib\site-packages\starlette\_utils.py", line 93, in collapse_excgroups
    |     raise exc
    |   File "C:\Users\besta\AppData\Local\Programs\Python\Python313\Lib\site-packages\starlette\middleware\base.py", line 191, in __call__
    |     response = await self.dispatch_func(request, call_next)
    |                ^^^^^^^^^^^^^^^^^^^^^^^^^^^^^^^^^^^^^^^^^^^^
    |   File "D:\AIOCRM\backend\server.py", line 1359, in inject_tenant_context
    |     return await call_next(request)
    |            ^^^^^^^^^^^^^^^^^^^^^^^^
    |   File "C:\Users\besta\AppData\Local\Programs\Python\Python313\Lib\site-packages\starlette\middleware\base.py", line 165, in call_next
    |     raise app_exc
    |   File "C:\Users\besta\AppData\Local\Programs\Python\Python313\Lib\site-packages\starlette\middleware\base.py", line 151, in coro
    |     await self.app(scope, receive_or_disconnect, send_no_error)
    |   File "C:\Users\besta\AppData\Local\Programs\Python\Python313\Lib\site-packages\starlette\middleware\exceptions.py", line 65, in __call__
    |     await wrap_app_handling_exceptions(self.app, conn)(scope, receive, send)
    |   File "C:\Users\besta\AppData\Local\Programs\Python\Python313\Lib\site-packages\starlette\_exception_handler.py", line 64, in wrapped_app
    |     raise exc
    |   File "C:\Users\besta\AppData\Local\Programs\Python\Python313\Lib\site-packages\starlette\_exception_handler.py", line 53, in wrapped_app
    |     await app(scope, receive, sender)
    |   File "C:\Users\besta\AppData\Local\Programs\Python\Python313\Lib\site-packages\starlette\routing.py", line 756, in __call__
    |     await self.middleware_stack(scope, receive, send)
    |   File "C:\Users\besta\AppData\Local\Programs\Python\Python313\Lib\site-packages\starlette\routing.py", line 776, in app
    |     await route.handle(scope, receive, send)
    |   File "C:\Users\besta\AppData\Local\Programs\Python\Python313\Lib\site-packages\starlette\routing.py", line 297, in handle
    |     await self.app(scope, receive, send)
    |   File "C:\Users\besta\AppData\Local\Programs\Python\Python313\Lib\site-packages\starlette\routing.py", line 77, in app
    |     await wrap_app_handling_exceptions(app, request)(scope, receive, send)
    |   File "C:\Users\besta\AppData\Local\Programs\Python\Python313\Lib\site-packages\starlette\_exception_handler.py", line 64, in wrapped_app
    |     raise exc
    |   File "C:\Users\besta\AppData\Local\Programs\Python\Python313\Lib\site-packages\starlette\_exception_handler.py", line 53, in wrapped_app
    |     await app(scope, receive, sender)
    |   File "C:\Users\besta\AppData\Local\Programs\Python\Python313\Lib\site-packages\starlette\routing.py", line 72, in app
    |     response = await func(request)
    |                ^^^^^^^^^^^^^^^^^^^
    |   File "C:\Users\besta\AppData\Local\Programs\Python\Python313\Lib\site-packages\fastapi\routing.py", line 278, in app
    |     raw_response = await run_endpoint_function(
    |                    ^^^^^^^^^^^^^^^^^^^^^^^^^^^^
    |         dependant=dependant, values=values, is_coroutine=is_coroutine
    |         ^^^^^^^^^^^^^^^^^^^^^^^^^^^^^^^^^^^^^^^^^^^^^^^^^^^^^^^^^^^^^
    |     )
    |     ^
    |   File "C:\Users\besta\AppData\Local\Programs\Python\Python313\Lib\site-packages\fastapi\routing.py", line 191, in run_endpoint_function
    |     return await dependant.call(**values)
    |            ^^^^^^^^^^^^^^^^^^^^^^^^^^^^^^
    |   File "D:\AIOCRM\backend\server.py", line 1938, in list_ai_agents
    |     return {"data": list_runtime_agents(include_hidden=resolved_include_hidden)}
    |                     ~~~~~~~~~~~~~~~~~~~^^^^^^^^^^^^^^^^^^^^^^^^^^^^^^^^^^^^^^^^
    |   File "D:\AIOCRM\backend\server.py", line 583, in list_runtime_agents
    |     conn = sqlite3.connect(provider.db_path)
    |            ^^^^^^^
    | NameError: name 'sqlite3' is not defined. Did you forget to import 'sqlite3'?
    +------------------------------------

During handling of the above exception, another exception occurred:

Traceback (most recent call last):
  File "C:\Users\besta\AppData\Local\Programs\Python\Python313\Lib\site-packages\uvicorn\protocols\http\h11_impl.py", line 408, in run_asgi
    result = await app(  # type: ignore[func-returns-value]
             ^^^^^^^^^^^^^^^^^^^^^^^^^^^^^^^^^^^^^^^^^^^^^^
        self.scope, self.receive, self.send
        ^^^^^^^^^^^^^^^^^^^^^^^^^^^^^^^^^^^
    )
    ^
  File "C:\Users\besta\AppData\Local\Programs\Python\Python313\Lib\site-packages\uvicorn\middleware\proxy_headers.py", line 84, in __call__
    return await self.app(scope, receive, send)
           ^^^^^^^^^^^^^^^^^^^^^^^^^^^^^^^^^^^^
  File "C:\Users\besta\AppData\Local\Programs\Python\Python313\Lib\site-packages\fastapi\applications.py", line 1054, in __call__
    await super().__call__(scope, receive, send)
  File "C:\Users\besta\AppData\Local\Programs\Python\Python313\Lib\site-packages\starlette\applications.py", line 123, in __call__
    await self.middleware_stack(scope, receive, send)
  File "C:\Users\besta\AppData\Local\Programs\Python\Python313\Lib\site-packages\starlette\middleware\errors.py", line 186, in __call__
    raise exc
  File "C:\Users\besta\AppData\Local\Programs\Python\Python313\Lib\site-packages\starlette\middleware\errors.py", line 164, in __call__
    await self.app(scope, receive, _send)
  File "C:\Users\besta\AppData\Local\Programs\Python\Python313\Lib\site-packages\starlette\middleware\cors.py", line 93, in __call__
    await self.simple_response(scope, receive, send, request_headers=headers)
  File "C:\Users\besta\AppData\Local\Programs\Python\Python313\Lib\site-packages\starlette\middleware\cors.py", line 148, in simple_response
    await self.app(scope, receive, send)
  File "C:\Users\besta\AppData\Local\Programs\Python\Python313\Lib\site-packages\starlette\middleware\base.py", line 189, in __call__
    with collapse_excgroups():
         ~~~~~~~~~~~~~~~~~~^^
  File "C:\Users\besta\AppData\Local\Programs\Python\Python313\Lib\contextlib.py", line 162, in __exit__
    self.gen.throw(value)
    ~~~~~~~~~~~~~~^^^^^^^
  File "C:\Users\besta\AppData\Local\Programs\Python\Python313\Lib\site-packages\starlette\_utils.py", line 93, in collapse_excgroups
    raise exc
  File "C:\Users\besta\AppData\Local\Programs\Python\Python313\Lib\site-packages\starlette\middleware\base.py", line 191, in __call__
    response = await self.dispatch_func(request, call_next)
               ^^^^^^^^^^^^^^^^^^^^^^^^^^^^^^^^^^^^^^^^^^^^
  File "D:\AIOCRM\backend\server.py", line 1359, in inject_tenant_context
    return await call_next(request)
           ^^^^^^^^^^^^^^^^^^^^^^^^
  File "C:\Users\besta\AppData\Local\Programs\Python\Python313\Lib\site-packages\starlette\middleware\base.py", line 165, in call_next
    raise app_exc
  File "C:\Users\besta\AppData\Local\Programs\Python\Python313\Lib\site-packages\starlette\middleware\base.py", line 151, in coro
    await self.app(scope, receive_or_disconnect, send_no_error)
  File "C:\Users\besta\AppData\Local\Programs\Python\Python313\Lib\site-packages\starlette\middleware\exceptions.py", line 65, in __call__
    await wrap_app_handling_exceptions(self.app, conn)(scope, receive, send)
  File "C:\Users\besta\AppData\Local\Programs\Python\Python313\Lib\site-packages\starlette\_exception_handler.py", line 64, in wrapped_app
    raise exc
  File "C:\Users\besta\AppData\Local\Programs\Python\Python313\Lib\site-packages\starlette\_exception_handler.py", line 53, in wrapped_app
    await app(scope, receive, sender)
  File "C:\Users\besta\AppData\Local\Programs\Python\Python313\Lib\site-packages\starlette\routing.py", line 756, in __call__
    await self.middleware_stack(scope, receive, send)
  File "C:\Users\besta\AppData\Local\Programs\Python\Python313\Lib\site-packages\starlette\routing.py", line 776, in app
    await route.handle(scope, receive, send)
  File "C:\Users\besta\AppData\Local\Programs\Python\Python313\Lib\site-packages\starlette\routing.py", line 297, in handle
    await self.app(scope, receive, send)
  File "C:\Users\besta\AppData\Local\Programs\Python\Python313\Lib\site-packages\starlette\routing.py", line 77, in app
    await wrap_app_handling_exceptions(app, request)(scope, receive, send)
  File "C:\Users\besta\AppData\Local\Programs\Python\Python313\Lib\site-packages\starlette\_exception_handler.py", line 64, in wrapped_app
    raise exc
  File "C:\Users\besta\AppData\Local\Programs\Python\Python313\Lib\site-packages\starlette\_exception_handler.py", line 53, in wrapped_app
    await app(scope, receive, sender)
  File "C:\Users\besta\AppData\Local\Programs\Python\Python313\Lib\site-packages\starlette\routing.py", line 72, in app
    response = await func(request)
               ^^^^^^^^^^^^^^^^^^^
  File "C:\Users\besta\AppData\Local\Programs\Python\Python313\Lib\site-packages\fastapi\routing.py", line 278, in app
    raw_response = await run_endpoint_function(
                   ^^^^^^^^^^^^^^^^^^^^^^^^^^^^
        dependant=dependant, values=values, is_coroutine=is_coroutine
        ^^^^^^^^^^^^^^^^^^^^^^^^^^^^^^^^^^^^^^^^^^^^^^^^^^^^^^^^^^^^^
    )
    ^
  File "C:\Users\besta\AppData\Local\Programs\Python\Python313\Lib\site-packages\fastapi\routing.py", line 191, in run_endpoint_function
    return await dependant.call(**values)
           ^^^^^^^^^^^^^^^^^^^^^^^^^^^^^^
  File "D:\AIOCRM\backend\server.py", line 1938, in list_ai_agents
    return {"data": list_runtime_agents(include_hidden=resolved_include_hidden)}
                    ~~~~~~~~~~~~~~~~~~~^^^^^^^^^^^^^^^^^^^^^^^^^^^^^^^^^^^^^^^^
  File "D:\AIOCRM\backend\server.py", line 583, in list_runtime_agents
    conn = sqlite3.connect(provider.db_path)
           ^^^^^^^
NameError: name 'sqlite3' is not defined. Did you forget to import 'sqlite3'?
INFO:     127.0.0.1:60184 - "GET /api/ai/runs?limit=12 HTTP/1.1" 200 OK
2026-03-25 14:32:04,695 - __main__ - ERROR - Unhandled exception: name 'sqlite3' is not defined
  + Exception Group Traceback (most recent call last):
  |   File "C:\Users\besta\AppData\Local\Programs\Python\Python313\Lib\site-packages\starlette\_utils.py", line 87, in collapse_excgroups
  |     yield
  |   File "C:\Users\besta\AppData\Local\Programs\Python\Python313\Lib\site-packages\starlette\middleware\base.py", line 190, in __call__
  |     async with anyio.create_task_group() as task_group:
  |                ~~~~~~~~~~~~~~~~~~~~~~~^^
  |   File "C:\Users\besta\AppData\Local\Programs\Python\Python313\Lib\site-packages\anyio\_backends\_asyncio.py", line 783, in __aexit__
  |     raise BaseExceptionGroup(
  |         "unhandled errors in a TaskGroup", self._exceptions
  |     ) from None
  | ExceptionGroup: unhandled errors in a TaskGroup (1 sub-exception)
  +-+---------------- 1 ----------------
    | Traceback (most recent call last):
    |   File "C:\Users\besta\AppData\Local\Programs\Python\Python313\Lib\site-packages\starlette\middleware\errors.py", line 164, in __call__
    |     await self.app(scope, receive, _send)
    |   File "C:\Users\besta\AppData\Local\Programs\Python\Python313\Lib\site-packages\starlette\middleware\cors.py", line 93, in __call__
    |     await self.simple_response(scope, receive, send, request_headers=headers)
    |   File "C:\Users\besta\AppData\Local\Programs\Python\Python313\Lib\site-packages\starlette\middleware\cors.py", line 148, in simple_response
    |     await self.app(scope, receive, send)
    |   File "C:\Users\besta\AppData\Local\Programs\Python\Python313\Lib\site-packages\starlette\middleware\base.py", line 189, in __call__
    |     with collapse_excgroups():
    |          ~~~~~~~~~~~~~~~~~~^^
    |   File "C:\Users\besta\AppData\Local\Programs\Python\Python313\Lib\contextlib.py", line 162, in __exit__
    |     self.gen.throw(value)
    |     ~~~~~~~~~~~~~~^^^^^^^
    |   File "C:\Users\besta\AppData\Local\Programs\Python\Python313\Lib\site-packages\starlette\_utils.py", line 93, in collapse_excgroups
    |     raise exc
    |   File "C:\Users\besta\AppData\Local\Programs\Python\Python313\Lib\site-packages\starlette\middleware\base.py", line 191, in __call__
    |     response = await self.dispatch_func(request, call_next)
    |                ^^^^^^^^^^^^^^^^^^^^^^^^^^^^^^^^^^^^^^^^^^^^
    |   File "D:\AIOCRM\backend\server.py", line 1359, in inject_tenant_context
    |     return await call_next(request)
    |            ^^^^^^^^^^^^^^^^^^^^^^^^
    |   File "C:\Users\besta\AppData\Local\Programs\Python\Python313\Lib\site-packages\starlette\middleware\base.py", line 165, in call_next
    |     raise app_exc
    |   File "C:\Users\besta\AppData\Local\Programs\Python\Python313\Lib\site-packages\starlette\middleware\base.py", line 151, in coro
    |     await self.app(scope, receive_or_disconnect, send_no_error)
    |   File "C:\Users\besta\AppData\Local\Programs\Python\Python313\Lib\site-packages\starlette\middleware\exceptions.py", line 65, in __call__
    |     await wrap_app_handling_exceptions(self.app, conn)(scope, receive, send)
    |   File "C:\Users\besta\AppData\Local\Programs\Python\Python313\Lib\site-packages\starlette\_exception_handler.py", line 64, in wrapped_app
    |     raise exc
    |   File "C:\Users\besta\AppData\Local\Programs\Python\Python313\Lib\site-packages\starlette\_exception_handler.py", line 53, in wrapped_app
    |     await app(scope, receive, sender)
    |   File "C:\Users\besta\AppData\Local\Programs\Python\Python313\Lib\site-packages\starlette\routing.py", line 756, in __call__
    |     await self.middleware_stack(scope, receive, send)
    |   File "C:\Users\besta\AppData\Local\Programs\Python\Python313\Lib\site-packages\starlette\routing.py", line 776, in app
    |     await route.handle(scope, receive, send)
    |   File "C:\Users\besta\AppData\Local\Programs\Python\Python313\Lib\site-packages\starlette\routing.py", line 297, in handle
    |     await self.app(scope, receive, send)
    |   File "C:\Users\besta\AppData\Local\Programs\Python\Python313\Lib\site-packages\starlette\routing.py", line 77, in app
    |     await wrap_app_handling_exceptions(app, request)(scope, receive, send)
    |   File "C:\Users\besta\AppData\Local\Programs\Python\Python313\Lib\site-packages\starlette\_exception_handler.py", line 64, in wrapped_app
    |     raise exc
    |   File "C:\Users\besta\AppData\Local\Programs\Python\Python313\Lib\site-packages\starlette\_exception_handler.py", line 53, in wrapped_app
    |     await app(scope, receive, sender)
    |   File "C:\Users\besta\AppData\Local\Programs\Python\Python313\Lib\site-packages\starlette\routing.py", line 72, in app
    |     response = await func(request)
    |                ^^^^^^^^^^^^^^^^^^^
    |   File "C:\Users\besta\AppData\Local\Programs\Python\Python313\Lib\site-packages\fastapi\routing.py", line 278, in app
    |     raw_response = await run_endpoint_function(
    |                    ^^^^^^^^^^^^^^^^^^^^^^^^^^^^
    |         dependant=dependant, values=values, is_coroutine=is_coroutine
    |         ^^^^^^^^^^^^^^^^^^^^^^^^^^^^^^^^^^^^^^^^^^^^^^^^^^^^^^^^^^^^^
    |     )
    |     ^
    |   File "C:\Users\besta\AppData\Local\Programs\Python\Python313\Lib\site-packages\fastapi\routing.py", line 191, in run_endpoint_function
    |     return await dependant.call(**values)
    |            ^^^^^^^^^^^^^^^^^^^^^^^^^^^^^^
    |   File "D:\AIOCRM\backend\server.py", line 1938, in list_ai_agents
    |     return {"data": list_runtime_agents(include_hidden=resolved_include_hidden)}
    |                     ~~~~~~~~~~~~~~~~~~~^^^^^^^^^^^^^^^^^^^^^^^^^^^^^^^^^^^^^^^^
    |   File "D:\AIOCRM\backend\server.py", line 583, in list_runtime_agents
    |     conn = sqlite3.connect(provider.db_path)
    |            ^^^^^^^
    | NameError: name 'sqlite3' is not defined. Did you forget to import 'sqlite3'?
    +------------------------------------

During handling of the above exception, another exception occurred:

Traceback (most recent call last):
  File "C:\Users\besta\AppData\Local\Programs\Python\Python313\Lib\site-packages\starlette\middleware\errors.py", line 164, in __call__
    await self.app(scope, receive, _send)
  File "C:\Users\besta\AppData\Local\Programs\Python\Python313\Lib\site-packages\starlette\middleware\cors.py", line 93, in __call__
    await self.simple_response(scope, receive, send, request_headers=headers)
  File "C:\Users\besta\AppData\Local\Programs\Python\Python313\Lib\site-packages\starlette\middleware\cors.py", line 148, in simple_response
    await self.app(scope, receive, send)
  File "C:\Users\besta\AppData\Local\Programs\Python\Python313\Lib\site-packages\starlette\middleware\base.py", line 189, in __call__
    with collapse_excgroups():
         ~~~~~~~~~~~~~~~~~~^^
  File "C:\Users\besta\AppData\Local\Programs\Python\Python313\Lib\contextlib.py", line 162, in __exit__
    self.gen.throw(value)
    ~~~~~~~~~~~~~~^^^^^^^
  File "C:\Users\besta\AppData\Local\Programs\Python\Python313\Lib\site-packages\starlette\_utils.py", line 93, in collapse_excgroups
    raise exc
  File "C:\Users\besta\AppData\Local\Programs\Python\Python313\Lib\site-packages\starlette\middleware\base.py", line 191, in __call__
    response = await self.dispatch_func(request, call_next)
               ^^^^^^^^^^^^^^^^^^^^^^^^^^^^^^^^^^^^^^^^^^^^
  File "D:\AIOCRM\backend\server.py", line 1359, in inject_tenant_context
    return await call_next(request)
           ^^^^^^^^^^^^^^^^^^^^^^^^
  File "C:\Users\besta\AppData\Local\Programs\Python\Python313\Lib\site-packages\starlette\middleware\base.py", line 165, in call_next
    raise app_exc
  File "C:\Users\besta\AppData\Local\Programs\Python\Python313\Lib\site-packages\starlette\middleware\base.py", line 151, in coro
    await self.app(scope, receive_or_disconnect, send_no_error)
  File "C:\Users\besta\AppData\Local\Programs\Python\Python313\Lib\site-packages\starlette\middleware\exceptions.py", line 65, in __call__
    await wrap_app_handling_exceptions(self.app, conn)(scope, receive, send)
  File "C:\Users\besta\AppData\Local\Programs\Python\Python313\Lib\site-packages\starlette\_exception_handler.py", line 64, in wrapped_app
    raise exc
  File "C:\Users\besta\AppData\Local\Programs\Python\Python313\Lib\site-packages\starlette\_exception_handler.py", line 53, in wrapped_app
    await app(scope, receive, sender)
  File "C:\Users\besta\AppData\Local\Programs\Python\Python313\Lib\site-packages\starlette\routing.py", line 756, in __call__
    await self.middleware_stack(scope, receive, send)
  File "C:\Users\besta\AppData\Local\Programs\Python\Python313\Lib\site-packages\starlette\routing.py", line 776, in app
    await route.handle(scope, receive, send)
  File "C:\Users\besta\AppData\Local\Programs\Python\Python313\Lib\site-packages\starlette\routing.py", line 297, in handle
    await self.app(scope, receive, send)
  File "C:\Users\besta\AppData\Local\Programs\Python\Python313\Lib\site-packages\starlette\routing.py", line 77, in app
    await wrap_app_handling_exceptions(app, request)(scope, receive, send)
  File "C:\Users\besta\AppData\Local\Programs\Python\Python313\Lib\site-packages\starlette\_exception_handler.py", line 64, in wrapped_app
    raise exc
  File "C:\Users\besta\AppData\Local\Programs\Python\Python313\Lib\site-packages\starlette\_exception_handler.py", line 53, in wrapped_app
    await app(scope, receive, sender)
  File "C:\Users\besta\AppData\Local\Programs\Python\Python313\Lib\site-packages\starlette\routing.py", line 72, in app
    response = await func(request)
               ^^^^^^^^^^^^^^^^^^^
  File "C:\Users\besta\AppData\Local\Programs\Python\Python313\Lib\site-packages\fastapi\routing.py", line 278, in app
    raw_response = await run_endpoint_function(
                   ^^^^^^^^^^^^^^^^^^^^^^^^^^^^
        dependant=dependant, values=values, is_coroutine=is_coroutine
        ^^^^^^^^^^^^^^^^^^^^^^^^^^^^^^^^^^^^^^^^^^^^^^^^^^^^^^^^^^^^^
    )
    ^
  File "C:\Users\besta\AppData\Local\Programs\Python\Python313\Lib\site-packages\fastapi\routing.py", line 191, in run_endpoint_function
    return await dependant.call(**values)
           ^^^^^^^^^^^^^^^^^^^^^^^^^^^^^^
  File "D:\AIOCRM\backend\server.py", line 1938, in list_ai_agents
    return {"data": list_runtime_agents(include_hidden=resolved_include_hidden)}
                    ~~~~~~~~~~~~~~~~~~~^^^^^^^^^^^^^^^^^^^^^^^^^^^^^^^^^^^^^^^^
  File "D:\AIOCRM\backend\server.py", line 583, in list_runtime_agents
    conn = sqlite3.connect(provider.db_path)
           ^^^^^^^
NameError: name 'sqlite3' is not defined. Did you forget to import 'sqlite3'?
INFO:     127.0.0.1:60184 - "GET /api/ai/agents HTTP/1.1" 500 Internal Server Error
ERROR:    Exception in ASGI application
  + Exception Group Traceback (most recent call last):
  |   File "C:\Users\besta\AppData\Local\Programs\Python\Python313\Lib\site-packages\starlette\_utils.py", line 87, in collapse_excgroups
  |     yield
  |   File "C:\Users\besta\AppData\Local\Programs\Python\Python313\Lib\site-packages\starlette\middleware\base.py", line 190, in __call__
  |     async with anyio.create_task_group() as task_group:
  |                ~~~~~~~~~~~~~~~~~~~~~~~^^
  |   File "C:\Users\besta\AppData\Local\Programs\Python\Python313\Lib\site-packages\anyio\_backends\_asyncio.py", line 783, in __aexit__
  |     raise BaseExceptionGroup(
  |         "unhandled errors in a TaskGroup", self._exceptions
  |     ) from None
  | ExceptionGroup: unhandled errors in a TaskGroup (1 sub-exception)
  +-+---------------- 1 ----------------
    | Traceback (most recent call last):
    |   File "C:\Users\besta\AppData\Local\Programs\Python\Python313\Lib\site-packages\uvicorn\protocols\http\h11_impl.py", line 408, in run_asgi
    |     result = await app(  # type: ignore[func-returns-value]
    |              ^^^^^^^^^^^^^^^^^^^^^^^^^^^^^^^^^^^^^^^^^^^^^^
    |         self.scope, self.receive, self.send
    |         ^^^^^^^^^^^^^^^^^^^^^^^^^^^^^^^^^^^
    |     )
    |     ^
    |   File "C:\Users\besta\AppData\Local\Programs\Python\Python313\Lib\site-packages\uvicorn\middleware\proxy_headers.py", line 84, in __call__
    |     return await self.app(scope, receive, send)
    |            ^^^^^^^^^^^^^^^^^^^^^^^^^^^^^^^^^^^^
    |   File "C:\Users\besta\AppData\Local\Programs\Python\Python313\Lib\site-packages\fastapi\applications.py", line 1054, in __call__
    |     await super().__call__(scope, receive, send)
    |   File "C:\Users\besta\AppData\Local\Programs\Python\Python313\Lib\site-packages\starlette\applications.py", line 123, in __call__
    |     await self.middleware_stack(scope, receive, send)
    |   File "C:\Users\besta\AppData\Local\Programs\Python\Python313\Lib\site-packages\starlette\middleware\errors.py", line 186, in __call__
    |     raise exc
    |   File "C:\Users\besta\AppData\Local\Programs\Python\Python313\Lib\site-packages\starlette\middleware\errors.py", line 164, in __call__
    |     await self.app(scope, receive, _send)
    |   File "C:\Users\besta\AppData\Local\Programs\Python\Python313\Lib\site-packages\starlette\middleware\cors.py", line 93, in __call__
    |     await self.simple_response(scope, receive, send, request_headers=headers)
    |   File "C:\Users\besta\AppData\Local\Programs\Python\Python313\Lib\site-packages\starlette\middleware\cors.py", line 148, in simple_response
    |     await self.app(scope, receive, send)
    |   File "C:\Users\besta\AppData\Local\Programs\Python\Python313\Lib\site-packages\starlette\middleware\base.py", line 189, in __call__
    |     with collapse_excgroups():
    |          ~~~~~~~~~~~~~~~~~~^^
    |   File "C:\Users\besta\AppData\Local\Programs\Python\Python313\Lib\contextlib.py", line 162, in __exit__
    |     self.gen.throw(value)
    |     ~~~~~~~~~~~~~~^^^^^^^
    |   File "C:\Users\besta\AppData\Local\Programs\Python\Python313\Lib\site-packages\starlette\_utils.py", line 93, in collapse_excgroups
    |     raise exc
    |   File "C:\Users\besta\AppData\Local\Programs\Python\Python313\Lib\site-packages\starlette\middleware\base.py", line 191, in __call__
    |     response = await self.dispatch_func(request, call_next)
    |                ^^^^^^^^^^^^^^^^^^^^^^^^^^^^^^^^^^^^^^^^^^^^
    |   File "D:\AIOCRM\backend\server.py", line 1359, in inject_tenant_context
    |     return await call_next(request)
    |            ^^^^^^^^^^^^^^^^^^^^^^^^
    |   File "C:\Users\besta\AppData\Local\Programs\Python\Python313\Lib\site-packages\starlette\middleware\base.py", line 165, in call_next
    |     raise app_exc
    |   File "C:\Users\besta\AppData\Local\Programs\Python\Python313\Lib\site-packages\starlette\middleware\base.py", line 151, in coro
    |     await self.app(scope, receive_or_disconnect, send_no_error)
    |   File "C:\Users\besta\AppData\Local\Programs\Python\Python313\Lib\site-packages\starlette\middleware\exceptions.py", line 65, in __call__
    |     await wrap_app_handling_exceptions(self.app, conn)(scope, receive, send)
    |   File "C:\Users\besta\AppData\Local\Programs\Python\Python313\Lib\site-packages\starlette\_exception_handler.py", line 64, in wrapped_app
    |     raise exc
    |   File "C:\Users\besta\AppData\Local\Programs\Python\Python313\Lib\site-packages\starlette\_exception_handler.py", line 53, in wrapped_app
    |     await app(scope, receive, sender)
    |   File "C:\Users\besta\AppData\Local\Programs\Python\Python313\Lib\site-packages\starlette\routing.py", line 756, in __call__
    |     await self.middleware_stack(scope, receive, send)
    |   File "C:\Users\besta\AppData\Local\Programs\Python\Python313\Lib\site-packages\starlette\routing.py", line 776, in app
    |     await route.handle(scope, receive, send)
    |   File "C:\Users\besta\AppData\Local\Programs\Python\Python313\Lib\site-packages\starlette\routing.py", line 297, in handle
    |     await self.app(scope, receive, send)
    |   File "C:\Users\besta\AppData\Local\Programs\Python\Python313\Lib\site-packages\starlette\routing.py", line 77, in app
    |     await wrap_app_handling_exceptions(app, request)(scope, receive, send)
    |   File "C:\Users\besta\AppData\Local\Programs\Python\Python313\Lib\site-packages\starlette\_exception_handler.py", line 64, in wrapped_app
    |     raise exc
    |   File "C:\Users\besta\AppData\Local\Programs\Python\Python313\Lib\site-packages\starlette\_exception_handler.py", line 53, in wrapped_app
    |     await app(scope, receive, sender)
    |   File "C:\Users\besta\AppData\Local\Programs\Python\Python313\Lib\site-packages\starlette\routing.py", line 72, in app
    |     response = await func(request)
    |                ^^^^^^^^^^^^^^^^^^^
    |   File "C:\Users\besta\AppData\Local\Programs\Python\Python313\Lib\site-packages\fastapi\routing.py", line 278, in app
    |     raw_response = await run_endpoint_function(
    |                    ^^^^^^^^^^^^^^^^^^^^^^^^^^^^
    |         dependant=dependant, values=values, is_coroutine=is_coroutine
    |         ^^^^^^^^^^^^^^^^^^^^^^^^^^^^^^^^^^^^^^^^^^^^^^^^^^^^^^^^^^^^^
    |     )
    |     ^
    |   File "C:\Users\besta\AppData\Local\Programs\Python\Python313\Lib\site-packages\fastapi\routing.py", line 191, in run_endpoint_function
    |     return await dependant.call(**values)
    |            ^^^^^^^^^^^^^^^^^^^^^^^^^^^^^^
    |   File "D:\AIOCRM\backend\server.py", line 1938, in list_ai_agents
    |     return {"data": list_runtime_agents(include_hidden=resolved_include_hidden)}
    |                     ~~~~~~~~~~~~~~~~~~~^^^^^^^^^^^^^^^^^^^^^^^^^^^^^^^^^^^^^^^^
    |   File "D:\AIOCRM\backend\server.py", line 583, in list_runtime_agents
    |     conn = sqlite3.connect(provider.db_path)
    |            ^^^^^^^
    | NameError: name 'sqlite3' is not defined. Did you forget to import 'sqlite3'?
    +------------------------------------

During handling of the above exception, another exception occurred:

Traceback (most recent call last):
  File "C:\Users\besta\AppData\Local\Programs\Python\Python313\Lib\site-packages\uvicorn\protocols\http\h11_impl.py", line 408, in run_asgi
    result = await app(  # type: ignore[func-returns-value]
             ^^^^^^^^^^^^^^^^^^^^^^^^^^^^^^^^^^^^^^^^^^^^^^
        self.scope, self.receive, self.send
        ^^^^^^^^^^^^^^^^^^^^^^^^^^^^^^^^^^^
    )
    ^
  File "C:\Users\besta\AppData\Local\Programs\Python\Python313\Lib\site-packages\uvicorn\middleware\proxy_headers.py", line 84, in __call__
    return await self.app(scope, receive, send)
           ^^^^^^^^^^^^^^^^^^^^^^^^^^^^^^^^^^^^
  File "C:\Users\besta\AppData\Local\Programs\Python\Python313\Lib\site-packages\fastapi\applications.py", line 1054, in __call__
    await super().__call__(scope, receive, send)
  File "C:\Users\besta\AppData\Local\Programs\Python\Python313\Lib\site-packages\starlette\applications.py", line 123, in __call__
    await self.middleware_stack(scope, receive, send)
  File "C:\Users\besta\AppData\Local\Programs\Python\Python313\Lib\site-packages\starlette\middleware\errors.py", line 186, in __call__
    raise exc
  File "C:\Users\besta\AppData\Local\Programs\Python\Python313\Lib\site-packages\starlette\middleware\errors.py", line 164, in __call__
    await self.app(scope, receive, _send)
  File "C:\Users\besta\AppData\Local\Programs\Python\Python313\Lib\site-packages\starlette\middleware\cors.py", line 93, in __call__
    await self.simple_response(scope, receive, send, request_headers=headers)
  File "C:\Users\besta\AppData\Local\Programs\Python\Python313\Lib\site-packages\starlette\middleware\cors.py", line 148, in simple_response
    await self.app(scope, receive, send)
  File "C:\Users\besta\AppData\Local\Programs\Python\Python313\Lib\site-packages\starlette\middleware\base.py", line 189, in __call__
    with collapse_excgroups():
         ~~~~~~~~~~~~~~~~~~^^
  File "C:\Users\besta\AppData\Local\Programs\Python\Python313\Lib\contextlib.py", line 162, in __exit__
    self.gen.throw(value)
    ~~~~~~~~~~~~~~^^^^^^^
  File "C:\Users\besta\AppData\Local\Programs\Python\Python313\Lib\site-packages\starlette\_utils.py", line 93, in collapse_excgroups
    raise exc
  File "C:\Users\besta\AppData\Local\Programs\Python\Python313\Lib\site-packages\starlette\middleware\base.py", line 191, in __call__
    response = await self.dispatch_func(request, call_next)
               ^^^^^^^^^^^^^^^^^^^^^^^^^^^^^^^^^^^^^^^^^^^^
  File "D:\AIOCRM\backend\server.py", line 1359, in inject_tenant_context
    return await call_next(request)
           ^^^^^^^^^^^^^^^^^^^^^^^^
  File "C:\Users\besta\AppData\Local\Programs\Python\Python313\Lib\site-packages\starlette\middleware\base.py", line 165, in call_next
    raise app_exc
  File "C:\Users\besta\AppData\Local\Programs\Python\Python313\Lib\site-packages\starlette\middleware\base.py", line 151, in coro
    await self.app(scope, receive_or_disconnect, send_no_error)
  File "C:\Users\besta\AppData\Local\Programs\Python\Python313\Lib\site-packages\starlette\middleware\exceptions.py", line 65, in __call__
    await wrap_app_handling_exceptions(self.app, conn)(scope, receive, send)
  File "C:\Users\besta\AppData\Local\Programs\Python\Python313\Lib\site-packages\starlette\_exception_handler.py", line 64, in wrapped_app
    raise exc
  File "C:\Users\besta\AppData\Local\Programs\Python\Python313\Lib\site-packages\starlette\_exception_handler.py", line 53, in wrapped_app
    await app(scope, receive, sender)
  File "C:\Users\besta\AppData\Local\Programs\Python\Python313\Lib\site-packages\starlette\routing.py", line 756, in __call__
    await self.middleware_stack(scope, receive, send)
  File "C:\Users\besta\AppData\Local\Programs\Python\Python313\Lib\site-packages\starlette\routing.py", line 776, in app
    await route.handle(scope, receive, send)
  File "C:\Users\besta\AppData\Local\Programs\Python\Python313\Lib\site-packages\starlette\routing.py", line 297, in handle
    await self.app(scope, receive, send)
  File "C:\Users\besta\AppData\Local\Programs\Python\Python313\Lib\site-packages\starlette\routing.py", line 77, in app
    await wrap_app_handling_exceptions(app, request)(scope, receive, send)
  File "C:\Users\besta\AppData\Local\Programs\Python\Python313\Lib\site-packages\starlette\_exception_handler.py", line 64, in wrapped_app
    raise exc
  File "C:\Users\besta\AppData\Local\Programs\Python\Python313\Lib\site-packages\starlette\_exception_handler.py", line 53, in wrapped_app
    await app(scope, receive, sender)
  File "C:\Users\besta\AppData\Local\Programs\Python\Python313\Lib\site-packages\starlette\routing.py", line 72, in app
    response = await func(request)
               ^^^^^^^^^^^^^^^^^^^
  File "C:\Users\besta\AppData\Local\Programs\Python\Python313\Lib\site-packages\fastapi\routing.py", line 278, in app
    raw_response = await run_endpoint_function(
                   ^^^^^^^^^^^^^^^^^^^^^^^^^^^^
        dependant=dependant, values=values, is_coroutine=is_coroutine
        ^^^^^^^^^^^^^^^^^^^^^^^^^^^^^^^^^^^^^^^^^^^^^^^^^^^^^^^^^^^^^
    )
    ^
  File "C:\Users\besta\AppData\Local\Programs\Python\Python313\Lib\site-packages\fastapi\routing.py", line 191, in run_endpoint_function
    return await dependant.call(**values)
           ^^^^^^^^^^^^^^^^^^^^^^^^^^^^^^
  File "D:\AIOCRM\backend\server.py", line 1938, in list_ai_agents
    return {"data": list_runtime_agents(include_hidden=resolved_include_hidden)}
                    ~~~~~~~~~~~~~~~~~~~^^^^^^^^^^^^^^^^^^^^^^^^^^^^^^^^^^^^^^^^
  File "D:\AIOCRM\backend\server.py", line 583, in list_runtime_agents
    conn = sqlite3.connect(provider.db_path)
           ^^^^^^^
NameError: name 'sqlite3' is not defined. Did you forget to import 'sqlite3'?
INFO:     127.0.0.1:52455 - "OPTIONS /api/brain/overview HTTP/1.1" 200 OK
INFO:     127.0.0.1:56809 - "OPTIONS /api/ai/providers/ollama/models HTTP/1.1" 200 OK
INFO:     127.0.0.1:51032 - "OPTIONS /api/brain/overview HTTP/1.1" 200 OK
INFO:     127.0.0.1:54980 - "OPTIONS /api/ai/providers/ollama/models HTTP/1.1" 200 OK
INFO:     127.0.0.1:51032 - "GET /api/brain/overview HTTP/1.1" 200 OK
INFO:     127.0.0.1:51032 - "OPTIONS /api/ai/providers HTTP/1.1" 200 OK
INFO:     127.0.0.1:54980 - "POST /api/ai/providers/ollama/models HTTP/1.1" 400 Bad Request
INFO:     127.0.0.1:56809 - "POST /api/ai/providers/ollama/models HTTP/1.1" 400 Bad Request
INFO:     127.0.0.1:52455 - "GET /api/brain/overview HTTP/1.1" 200 OK
INFO:     127.0.0.1:54980 - "GET /api/ai/providers HTTP/1.1" 200 OK
INFO:     127.0.0.1:52455 - "GET /api/ai/providers HTTP/1.1" 200 OK
INFO:     127.0.0.1:64129 - "GET /api/analytics/summary HTTP/1.1" 500 Internal Server Error
